City_ID,City,Lat,Lng,Max Temp,Humidity,Cloudiness,Wind Speed,Country,Date
0,Cape Town,-33.9258,18.4232,64.4,63,0,8.05,ZA,2021-04-02 20:23:48
1,Hermanus,-34.4187,19.2345,61.0,77,49,4.0,ZA,2021-04-02 20:34:02
2,Busselton,-33.65,115.3333,63.0,84,100,1.99,AU,2021-04-02 20:33:12
3,Mahebourg,-20.4081,57.7,75.2,100,40,6.91,MU,2021-04-02 20:35:01
4,Avarua,-21.2078,-159.775,82.4,74,20,16.11,CK,2021-04-02 20:30:14
5,Qaanaaq,77.484,-69.3632,-16.82,76,100,9.89,GL,2021-04-02 20:32:05
6,Kieta,-6.2167,155.6333,81.28,80,80,2.26,PG,2021-04-02 20:35:01
7,Ushuaia,-54.8,-68.3,51.8,62,40,16.11,AR,2021-04-02 20:33:49
8,Qaanaaq,77.484,-69.3632,-16.82,76,100,9.89,GL,2021-04-02 20:32:05
9,Jiuquan,39.7432,98.5174,40.64,30,100,3.49,CN,2021-04-02 20:35:02
10,Cape Town,-33.9258,18.4232,64.4,63,0,8.05,ZA,2021-04-02 20:23:48
11,Yellowknife,62.456,-114.3525,9.0,78,90,9.22,CA,2021-04-02 20:36:24
12,Provideniya,64.3833,-173.3,10.47,90,100,16.96,RU,2021-04-02 20:36:05
13,Hilo,19.7297,-155.09,77.0,61,20,6.46,US,2021-04-02 20:36:25
14,Punta Arenas,-53.15,-70.9167,51.8,62,0,10.36,CL,2021-04-02 20:36:25
15,Hilo,19.7297,-155.09,77.0,61,20,6.46,US,2021-04-02 20:36:25
16,Salym,60.0625,71.4789,32.85,96,100,8.37,RU,2021-04-02 20:32:13
17,Jamestown,42.097,-79.2353,35.01,34,1,13.8,US,2021-04-02 20:35:36
18,Caravelas,-17.7125,-39.2481,77.86,80,46,6.06,BR,2021-04-02 20:36:26
19,Lyngseidet,69.5763,20.2189,33.8,93,90,18.41,NO,2021-04-02 20:36:26
20,Castro,-24.7911,-50.0119,63.36,74,6,5.1,BR,2021-04-02 20:36:26
21,King City,36.2127,-121.126,80.01,100,87,0.27,US,2021-04-02 20:36:27
22,Qaanaaq,77.484,-69.3632,-16.82,76,100,9.89,GL,2021-04-02 20:32:05
23,Torbay,47.6666,-52.7314,42.01,93,75,13.8,CA,2021-04-02 20:35:29
24,Mataura,-46.1927,168.8643,45.0,86,80,5.01,NZ,2021-04-02 20:35:57
25,Vintileasca,45.6,26.7333,39.94,87,97,7.63,RO,2021-04-02 20:36:27
26,Rikitea,-23.1203,-134.9692,77.05,78,99,11.48,PF,2021-04-02 20:35:58
27,Port Alfred,-33.5906,26.891,61.86,82,30,12.55,ZA,2021-04-02 20:36:28
28,Port Alfred,-33.5906,26.891,61.86,82,30,12.55,ZA,2021-04-02 20:36:28
29,Longyearbyen,78.2186,15.6401,21.2,73,75,10.36,SJ,2021-04-02 20:36:28
30,Belawan,3.7755,98.6832,78.8,94,40,2.3,ID,2021-04-02 20:36:29
31,Hilo,19.7297,-155.09,77.0,61,20,6.46,US,2021-04-02 20:36:25
32,Busselton,-33.65,115.3333,63.0,84,100,1.99,AU,2021-04-02 20:33:12
33,Henties Bay,-22.116,14.2845,64.0,86,3,1.99,NA,2021-04-02 20:36:29
34,Porto Novo,6.4965,2.6036,86.0,79,20,12.66,BJ,2021-04-02 20:36:29
35,Pisco,-13.7,-76.2167,77.0,61,0,8.05,PE,2021-04-02 20:36:30
36,Puerto Ayora,-0.7393,-90.3518,82.4,78,40,8.05,EC,2021-04-02 20:36:30
37,Rikitea,-23.1203,-134.9692,77.05,78,99,11.48,PF,2021-04-02 20:35:58
38,Hermanus,-34.4187,19.2345,61.0,77,49,4.0,ZA,2021-04-02 20:34:02
39,Bengkulu,-3.8004,102.2655,75.79,89,81,10.56,ID,2021-04-02 20:36:31
40,Luena,-11.7833,19.9167,63.34,96,90,4.21,AO,2021-04-02 20:36:31
41,Kushmurun,52.4503,64.6311,22.53,92,100,9.33,KZ,2021-04-02 20:36:31
42,Mar Del Plata,-38.0023,-57.5575,68.0,83,40,10.36,AR,2021-04-02 20:31:46
43,Tura,25.5198,90.2201,70.68,44,0,5.14,IN,2021-04-02 20:36:32
44,Bredasdorp,-34.5322,20.0403,50.0,93,32,5.75,ZA,2021-04-02 20:31:49
45,Mount Isa,-20.7333,139.5,69.8,46,0,6.91,AU,2021-04-02 20:36:32
46,Barrow,71.2906,-156.7887,-18.4,76,20,4.61,US,2021-04-02 20:36:32
47,Albany,42.6001,-73.9662,37.0,31,100,1.99,US,2021-04-02 20:35:15
48,Albany,42.6001,-73.9662,37.0,31,100,1.99,US,2021-04-02 20:35:15
49,Provideniya,64.3833,-173.3,10.47,90,100,16.96,RU,2021-04-02 20:36:05
50,Boa Vista,2.8197,-60.6733,91.4,46,75,8.05,BR,2021-04-02 20:36:33
51,Saint-Pierre,-21.3393,55.4781,75.2,94,75,16.11,RE,2021-04-02 20:36:33
52,Fort Nelson,58.8053,-122.7002,23.0,54,40,1.28,CA,2021-04-02 20:36:34
53,Yellowknife,62.456,-114.3525,9.0,78,90,9.22,CA,2021-04-02 20:36:24
54,Bredasdorp,-34.5322,20.0403,50.0,93,32,5.75,ZA,2021-04-02 20:31:49
55,Vila Franca Do Campo,37.7167,-25.4333,60.8,88,40,14.97,PT,2021-04-02 20:36:34
56,Cap Malheureux,-19.9842,57.6142,75.99,83,3,3.0,MU,2021-04-02 20:36:35
57,Burnie,-41.0667,145.9167,57.27,89,1,5.41,AU,2021-04-02 20:36:35
58,Kruisfontein,-34.0033,24.7314,55.99,93,0,7.45,ZA,2021-04-02 20:36:35
59,Dikson,73.5069,80.5464,-17.12,84,96,4.81,RU,2021-04-02 20:33:07
60,Butaritari,3.0707,172.7902,81.63,81,35,16.78,KI,2021-04-02 20:36:36
61,Hermanus,-34.4187,19.2345,61.0,77,49,4.0,ZA,2021-04-02 20:34:02
62,Saldanha,-33.0117,17.9442,62.6,67,19,5.75,ZA,2021-04-02 20:36:36
63,Avarua,-21.2078,-159.775,82.4,74,20,16.11,CK,2021-04-02 20:30:14
64,Hilo,19.7297,-155.09,77.0,61,20,6.46,US,2021-04-02 20:36:25
65,Avarua,-21.2078,-159.775,82.4,74,20,16.11,CK,2021-04-02 20:30:14
66,Kirovskiy,45.0917,133.5136,42.49,73,100,8.72,RU,2021-04-02 20:36:37
67,Bethel,41.3712,-73.414,33.01,46,100,3.0,US,2021-04-02 20:36:31
68,Albany,42.6001,-73.9662,37.0,31,100,1.99,US,2021-04-02 20:35:15
69,Eureka,40.8021,-124.1637,60.01,71,100,4.0,US,2021-04-02 20:36:37
70,Atambua,-9.1061,124.8925,73.8,92,100,7.56,ID,2021-04-02 20:36:37
71,Busselton,-33.65,115.3333,63.0,84,100,1.99,AU,2021-04-02 20:33:12
72,Clyde River,70.4692,-68.5914,-5.8,65,1,23.02,CA,2021-04-02 20:36:38
73,Albany,42.6001,-73.9662,37.0,31,100,1.99,US,2021-04-02 20:35:15
74,Hermanus,-34.4187,19.2345,61.0,77,49,4.0,ZA,2021-04-02 20:34:02
75,Bluff,-46.6,168.3333,45.0,86,90,5.01,NZ,2021-04-02 20:36:38
76,Ponta Do Sol,32.6667,-17.1,62.6,67,40,8.05,PT,2021-04-02 20:32:57
77,Khasan,42.4308,130.6434,42.48,85,100,1.23,RU,2021-04-02 20:36:39
78,Sao Filipe,14.8961,-24.4956,73.44,70,9,9.91,CV,2021-04-02 20:36:39
79,Punta Arenas,-53.15,-70.9167,51.8,62,0,10.36,CL,2021-04-02 20:36:25
80,Batsfjord,70.6345,29.7185,27.14,86,96,3.18,NO,2021-04-02 20:36:40
81,High Level,58.5169,-117.136,26.6,63,75,4.61,CA,2021-04-02 20:36:40
82,Road Town,18.4167,-64.6167,82.4,65,40,13.8,VG,2021-04-02 20:36:40
83,Punta Arenas,-53.15,-70.9167,51.8,62,0,10.36,CL,2021-04-02 20:36:25
84,Luan,46.3592,6.9759,62.6,42,0,8.05,CH,2021-04-02 20:36:41
85,Esperance,-33.8667,121.9,62.6,94,90,9.22,AU,2021-04-02 20:36:41
86,Lakes Entrance,-37.8811,147.981,62.4,69,0,4.83,AU,2021-04-02 20:36:41
87,Ushuaia,-54.8,-68.3,51.8,62,40,16.11,AR,2021-04-02 20:33:49
88,Hilo,19.7297,-155.09,77.0,61,20,6.46,US,2021-04-02 20:36:25
89,Snezhnogorsk,69.1933,33.2531,28.4,93,40,2.24,RU,2021-04-02 20:36:42
90,Jijiga,9.35,42.8,65.28,31,29,8.37,ET,2021-04-02 20:36:42
91,Pisco,-13.7,-76.2167,77.0,61,0,8.05,PE,2021-04-02 20:36:30
92,Mount Gambier,-37.8333,140.7667,60.8,51,0,16.11,AU,2021-04-02 20:36:42
93,Groa,62.65,8.7167,37.4,75,90,9.22,NO,2021-04-02 20:36:43
94,Butaritari,3.0707,172.7902,81.63,81,35,16.78,KI,2021-04-02 20:36:36
95,Ushuaia,-54.8,-68.3,51.8,62,40,16.11,AR,2021-04-02 20:33:49
96,Albany,42.6001,-73.9662,37.0,31,100,1.99,US,2021-04-02 20:35:15
97,East London,-33.0153,27.9116,63.43,82,99,15.37,ZA,2021-04-02 20:36:43
98,Laredo,27.5064,-99.5075,77.0,33,90,16.11,US,2021-04-02 20:32:19
99,Vaini,-21.2,-175.2,80.6,89,75,3.44,TO,2021-04-02 20:36:44
100,Hilo,19.7297,-155.09,77.0,61,20,6.46,US,2021-04-02 20:36:25
101,Praya,14.9215,-23.5087,75.2,50,0,18.41,CV,2021-04-02 20:36:44
102,Miri,4.4148,114.0089,75.2,94,20,2.3,MY,2021-04-02 20:36:45
103,Kosmach,48.7509,24.3673,35.01,79,13,4.61,UA,2021-04-02 20:36:45
104,Tiksi,71.6872,128.8694,-18.06,100,100,7.09,RU,2021-04-02 20:36:45
105,Hermanus,-34.4187,19.2345,61.0,77,49,4.0,ZA,2021-04-02 20:34:02
106,Nikolskoye,59.7035,30.7861,35.01,93,0,2.24,RU,2021-04-02 20:36:46
107,Bambous Virieux,-20.3428,57.7575,75.99,100,40,6.91,MU,2021-04-02 20:36:46
108,San Pedro,14.35,121.0167,79.0,73,20,4.61,PH,2021-04-02 20:31:47
109,Samarai,-10.6167,150.6667,80.76,78,100,4.12,PG,2021-04-02 20:36:47
110,Acapulco,16.8634,-99.8901,89.6,48,1,10.36,MX,2021-04-02 20:33:10
111,Chuy,-33.6971,-53.4616,67.17,69,10,7.87,UY,2021-04-02 20:36:47
112,Torbay,47.6666,-52.7314,42.01,93,75,13.8,CA,2021-04-02 20:35:29
113,Cabo San Lucas,22.8909,-109.9124,90.0,27,75,4.61,MX,2021-04-02 20:36:47
114,Cape Town,-33.9258,18.4232,64.4,63,0,8.05,ZA,2021-04-02 20:36:48
115,Yellowknife,62.456,-114.3525,9.0,78,90,9.22,CA,2021-04-02 20:36:24
116,Albany,42.6001,-73.9662,37.0,31,100,1.99,US,2021-04-02 20:35:15
117,Butaritari,3.0707,172.7902,81.63,81,35,16.78,KI,2021-04-02 20:36:36
118,Kerman,30.2832,57.0788,73.4,23,40,13.8,IR,2021-04-02 20:36:48
119,Price,39.5994,-110.8107,66.2,12,1,4.68,US,2021-04-02 20:36:49
120,Hermanus,-34.4187,19.2345,61.0,77,49,4.0,ZA,2021-04-02 20:34:02
121,Lewiston,44.1003,-70.2148,37.99,44,90,12.66,US,2021-04-02 20:36:49
122,Vaini,-21.2,-175.2,80.6,89,75,3.44,TO,2021-04-02 20:36:44
123,Hualmay,-11.0964,-77.6139,72.88,76,21,9.01,PE,2021-04-02 20:36:49
124,Atar,20.5169,-13.0499,91.36,6,100,3.31,MR,2021-04-02 20:36:50
125,Atuona,-9.8,-139.0333,80.51,80,23,13.47,PF,2021-04-02 20:36:50
126,Jamestown,42.097,-79.2353,35.01,34,1,13.8,US,2021-04-02 20:35:36
127,Kapaa,22.0752,-159.319,78.8,61,40,13.8,US,2021-04-02 20:36:50
128,Dudinka,69.4058,86.1778,-19.88,95,58,5.39,RU,2021-04-02 20:36:51
129,Ushuaia,-54.8,-68.3,51.8,62,40,16.11,AR,2021-04-02 20:33:49
130,Pringsewu,-5.3582,104.9744,72.66,97,96,2.15,ID,2021-04-02 20:36:51
131,Rikitea,-23.1203,-134.9692,77.05,78,99,11.48,PF,2021-04-02 20:35:58
132,Mataura,-46.1927,168.8643,45.0,86,80,5.01,NZ,2021-04-02 20:35:57
133,Lokoja,7.8024,6.743,86.59,19,16,2.98,NG,2021-04-02 20:36:52
134,East London,-33.0153,27.9116,63.43,82,99,15.37,ZA,2021-04-02 20:36:43
135,Hami,42.8,93.45,47.5,16,0,6.87,CN,2021-04-02 20:36:52
136,Diffa,13.3154,12.6113,77.31,12,5,9.64,NE,2021-04-02 20:36:52
137,Ust-Kulom,61.6864,53.6902,17.73,98,67,1.16,RU,2021-04-02 20:36:53
138,Lazaro Cardenas,17.9583,-102.2,85.53,54,8,11.86,MX,2021-04-02 20:36:53
139,Bredasdorp,-34.5322,20.0403,50.0,93,32,5.75,ZA,2021-04-02 20:31:49
140,Pangkalanbuun,-2.6833,111.6167,73.58,95,90,2.75,ID,2021-04-02 20:36:53
141,Hobart,-42.8794,147.3294,63.0,67,0,5.75,AU,2021-04-02 20:33:52
142,Vaini,-21.2,-175.2,80.6,89,75,3.44,TO,2021-04-02 20:36:44
143,College,64.8569,-147.8028,8.01,66,75,2.66,US,2021-04-02 20:36:54
144,Ribeira Grande,38.5167,-28.7,60.8,82,75,17.27,PT,2021-04-02 20:36:54
145,Udarnyy,54.3409,42.8611,35.82,98,100,4.45,RU,2021-04-02 20:36:54
146,Heiligenhafen,54.3667,10.9833,44.01,82,22,8.01,DE,2021-04-02 20:36:55
147,Nakano,36.75,138.3667,54.0,74,43,4.43,JP,2021-04-02 20:36:55
148,General Pico,-35.6566,-63.7568,74.03,56,20,8.03,AR,2021-04-02 20:36:55
149,Cherskiy,68.75,161.3,-5.33,80,100,6.15,RU,2021-04-02 20:36:56
150,Hambantota,6.1241,81.1185,79.56,86,40,14.83,LK,2021-04-02 20:36:56
151,Bredasdorp,-34.5322,20.0403,50.0,93,32,5.75,ZA,2021-04-02 20:31:49
152,Mihail Eminescu,47.7833,26.9167,39.0,81,0,10.36,RO,2021-04-02 20:36:56
153,Mahebourg,-20.4081,57.7,75.2,100,40,6.91,MU,2021-04-02 20:35:01
154,Emba,48.8264,58.1442,36.93,76,100,20.67,KZ,2021-04-02 20:36:57
155,Olafsvik,64.8945,-23.7142,41.29,85,72,21.9,IS,2021-04-02 20:36:57
156,Mar Del Plata,-38.0023,-57.5575,68.0,83,40,10.36,AR,2021-04-02 20:31:46
157,Rikitea,-23.1203,-134.9692,77.05,78,99,11.48,PF,2021-04-02 20:35:58
158,Ilhabela,-23.7781,-45.3581,74.32,74,49,7.05,BR,2021-04-02 20:36:57
159,Punta Arenas,-53.15,-70.9167,51.8,62,0,10.36,CL,2021-04-02 20:36:25
160,Changji,44.0167,87.3167,42.8,52,0,6.71,CN,2021-04-02 20:36:58
161,Punta Arenas,-53.15,-70.9167,51.8,62,0,10.36,CL,2021-04-02 20:36:25
162,Butaritari,3.0707,172.7902,81.63,81,35,16.78,KI,2021-04-02 20:36:36
163,Saskylakh,71.9167,114.0833,-38.42,100,60,2.77,RU,2021-04-02 20:36:58
164,Rikitea,-23.1203,-134.9692,77.05,78,99,11.48,PF,2021-04-02 20:35:58
165,Arraial Do Cabo,-22.9661,-42.0278,78.8,69,20,17.27,BR,2021-04-02 20:36:59
166,Bluff,-46.6,168.3333,45.0,86,90,5.01,NZ,2021-04-02 20:36:38
167,Vaini,-21.2,-175.2,80.6,89,75,3.44,TO,2021-04-02 20:36:44
168,Clyde River,70.4692,-68.5914,-5.8,65,1,23.02,CA,2021-04-02 20:36:38
169,East London,-33.0153,27.9116,63.43,82,99,15.37,ZA,2021-04-02 20:36:43
170,Padang,-0.9492,100.3543,78.8,69,90,5.75,ID,2021-04-02 20:32:04
171,Flin Flon,54.7682,-101.865,46.4,36,1,16.11,CA,2021-04-02 20:35:40
172,Vaini,-21.2,-175.2,80.6,89,75,3.44,TO,2021-04-02 20:36:44
173,Falakata,26.5208,89.2055,69.89,34,0,6.53,IN,2021-04-02 20:37:00
174,Carnarvon,-24.8667,113.6333,77.0,94,40,8.05,AU,2021-04-02 20:36:53
175,Anuradhapura,8.3565,80.4173,76.23,89,0,9.55,LK,2021-04-02 20:32:47
176,Saint-Junien,45.8833,0.9,55.4,41,0,14.97,FR,2021-04-02 20:37:00
177,Punta Arenas,-53.15,-70.9167,51.8,62,0,10.36,CL,2021-04-02 20:36:25
178,Port Alfred,-33.5906,26.891,61.86,82,30,12.55,ZA,2021-04-02 20:36:28
179,Tiksi,71.6872,128.8694,-18.06,100,100,7.09,RU,2021-04-02 20:36:45
180,Georgetown,5.4112,100.3354,84.2,89,20,2.3,MY,2021-04-02 20:36:06
181,Meulaboh,4.1363,96.1285,76.84,80,100,4.12,ID,2021-04-02 20:37:01
182,Rikitea,-23.1203,-134.9692,77.05,78,99,11.48,PF,2021-04-02 20:35:58
183,Ushuaia,-54.8,-68.3,51.8,62,40,16.11,AR,2021-04-02 20:33:49
184,Rikitea,-23.1203,-134.9692,77.05,78,99,11.48,PF,2021-04-02 20:35:58
185,Linden,6.0,-58.3,87.8,58,75,16.11,GY,2021-04-02 20:35:10
186,Butaritari,3.0707,172.7902,81.63,81,35,16.78,KI,2021-04-02 20:36:36
187,Mar Del Plata,-38.0023,-57.5575,68.0,83,40,10.36,AR,2021-04-02 20:31:46
188,Busselton,-33.65,115.3333,63.0,84,100,1.99,AU,2021-04-02 20:33:12
189,Rabak,13.1809,32.74,87.82,10,6,16.62,SD,2021-04-02 20:35:31
190,Butaritari,3.0707,172.7902,81.63,81,35,16.78,KI,2021-04-02 20:36:36
191,Codrington,-38.2667,141.9667,66.85,38,0,14.29,AU,2021-04-02 20:37:03
192,Busselton,-33.65,115.3333,63.0,84,100,1.99,AU,2021-04-02 20:33:12
193,Rikitea,-23.1203,-134.9692,77.05,78,99,11.48,PF,2021-04-02 20:35:58
194,Vostok,46.4856,135.8833,34.3,96,100,7.63,RU,2021-04-02 20:37:03
195,Trairi,-3.2778,-39.2689,80.22,78,38,9.82,BR,2021-04-02 20:37:04
196,Hobart,-42.8794,147.3294,63.0,67,0,5.75,AU,2021-04-02 20:33:52
197,Upernavik,72.7868,-56.1549,-11.76,94,100,12.21,GL,2021-04-02 20:37:04
198,Georgetown,5.4112,100.3354,84.2,89,20,2.3,MY,2021-04-02 20:36:06
199,Kita,13.0349,-9.4895,88.27,6,8,5.55,ML,2021-04-02 20:37:04
200,Punta Arenas,-53.15,-70.9167,51.8,62,0,10.36,CL,2021-04-02 20:36:25
201,Bambanglipuro,-7.95,110.2833,76.17,87,47,3.96,ID,2021-04-02 20:37:05
202,Busselton,-33.65,115.3333,63.0,84,100,1.99,AU,2021-04-02 20:33:12
203,Guerrero Negro,27.9769,-114.0611,67.71,55,0,18.95,MX,2021-04-02 20:37:05
204,Udachnyy,66.4167,112.4,-30.33,100,100,3.62,RU,2021-04-02 20:37:05
205,Puerto Ayora,-0.7393,-90.3518,82.4,78,40,8.05,EC,2021-04-02 20:36:30
206,Punta Arenas,-53.15,-70.9167,51.8,62,0,10.36,CL,2021-04-02 20:36:25
207,Liku,-0.7275,119.8922,73.85,89,96,2.42,ID,2021-04-02 20:37:06
208,Bredasdorp,-34.5322,20.0403,50.0,93,32,5.75,ZA,2021-04-02 20:31:49
209,Tiksi,71.6872,128.8694,-18.06,100,100,7.09,RU,2021-04-02 20:36:45
210,Puerto Ayora,-0.7393,-90.3518,82.4,78,40,8.05,EC,2021-04-02 20:36:30
211,Bredasdorp,-34.5322,20.0403,50.0,93,32,5.75,ZA,2021-04-02 20:31:49
212,Suez,29.9737,32.5263,57.31,63,1,7.02,EG,2021-04-02 20:37:07
213,Georgetown,5.4112,100.3354,84.2,89,20,2.3,MY,2021-04-02 20:36:06
214,Atuona,-9.8,-139.0333,80.51,80,23,13.47,PF,2021-04-02 20:36:50
215,Polyarnyy,69.1989,33.4478,28.4,93,40,2.24,RU,2021-04-02 20:37:07
216,Atuona,-9.8,-139.0333,80.51,80,23,13.47,PF,2021-04-02 20:36:50
217,Bluff,-46.6,168.3333,45.0,86,90,5.01,NZ,2021-04-02 20:36:38
218,Arraial Do Cabo,-22.9661,-42.0278,78.8,69,20,17.27,BR,2021-04-02 20:36:59
219,Klaksvik,62.2266,-6.589,42.8,87,90,17.27,FO,2021-04-02 20:37:08
220,Palmer,42.1584,-72.3287,37.0,37,90,13.8,US,2021-04-02 20:35:10
221,Lebu,-37.6167,-73.65,57.54,83,3,15.5,CL,2021-04-02 20:37:08
222,Tuatapere,-46.1333,167.6833,45.0,86,100,5.01,NZ,2021-04-02 20:37:09
223,Sibolga,1.7427,98.7792,76.19,84,100,3.22,ID,2021-04-02 20:37:09
224,Leh,34.1667,77.5833,25.7,45,90,8.37,IN,2021-04-02 20:37:09
225,Khatanga,71.9667,102.5,-33.48,98,7,4.65,RU,2021-04-02 20:37:10
226,Chuy,-33.6971,-53.4616,67.17,69,10,7.87,UY,2021-04-02 20:36:47
227,Te Anau,-45.4167,167.7167,45.1,73,79,1.41,NZ,2021-04-02 20:37:10
228,Mar Del Plata,-38.0023,-57.5575,68.0,83,40,10.36,AR,2021-04-02 20:31:46
229,Punta Arenas,-53.15,-70.9167,51.8,62,0,10.36,CL,2021-04-02 20:36:25
230,Dikson,73.5069,80.5464,-17.12,84,96,4.81,RU,2021-04-02 20:33:07
231,Khatanga,71.9667,102.5,-33.48,98,7,4.65,RU,2021-04-02 20:37:10
232,Nikolskoye,59.7035,30.7861,35.01,93,0,2.24,RU,2021-04-02 20:36:46
233,Aktau,43.65,51.2,44.6,87,40,8.95,KZ,2021-04-02 20:37:11
234,Saint-Philippe,-21.3585,55.7679,75.2,94,75,16.11,RE,2021-04-02 20:37:11
235,Manyana,-23.4,21.7167,73.04,35,26,2.24,BW,2021-04-02 20:37:12
236,Sattahip,12.6664,100.9007,82.4,89,20,4.61,TH,2021-04-02 20:37:12
237,Zanjan,36.6736,48.4787,50.22,42,0,11.12,IR,2021-04-02 20:37:12
238,Nata,8.3333,-80.5167,77.0,94,75,5.75,PA,2021-04-02 20:37:12
239,Saskylakh,71.9167,114.0833,-38.42,100,60,2.77,RU,2021-04-02 20:36:58
240,Barrow,71.2906,-156.7887,-18.4,76,20,4.61,US,2021-04-02 20:36:32
241,Rikitea,-23.1203,-134.9692,77.05,78,99,11.48,PF,2021-04-02 20:35:58
242,Perth Amboy,40.5068,-74.2654,41.0,30,90,10.36,US,2021-04-02 20:37:13
243,Solnechnyy,50.7214,136.6319,38.95,85,65,9.17,RU,2021-04-02 20:37:13
244,Chokurdakh,70.6333,147.9167,-20.97,100,97,3.15,RU,2021-04-02 20:37:14
245,Hermanus,-34.4187,19.2345,61.0,77,49,4.0,ZA,2021-04-02 20:34:02
246,Punta Arenas,-53.15,-70.9167,51.8,62,0,10.36,CL,2021-04-02 20:36:25
247,Nioro,13.35,-15.75,85.19,36,2,10.94,GM,2021-04-02 20:36:21
248,Port Elizabeth,-33.918,25.5701,60.8,82,20,11.5,ZA,2021-04-02 20:37:14
249,Yulara,-25.2406,130.9889,66.2,45,0,6.91,AU,2021-04-02 20:37:14
250,Jamestown,42.097,-79.2353,35.01,34,1,13.8,US,2021-04-02 20:35:36
251,Vardo,70.3705,31.1107,31.86,73,98,7.36,NO,2021-04-02 20:37:15
252,Thompson,55.7435,-97.8558,46.4,39,20,12.66,CA,2021-04-02 20:33:38
253,Preobrazheniye,42.9019,133.9064,40.17,61,100,7.05,RU,2021-04-02 20:37:15
254,Punta Arenas,-53.15,-70.9167,51.8,62,0,10.36,CL,2021-04-02 20:36:25
255,Ushuaia,-54.8,-68.3,51.8,62,40,16.11,AR,2021-04-02 20:33:49
256,Ushuaia,-54.8,-68.3,51.8,62,40,16.11,AR,2021-04-02 20:33:49
257,Vaini,-21.2,-175.2,80.6,89,75,3.44,TO,2021-04-02 20:36:44
258,Lodja,-3.4833,23.4333,72.25,89,69,1.21,CD,2021-04-02 20:35:34
259,Talnakh,69.4865,88.3972,-17.3,86,19,6.13,RU,2021-04-02 20:37:16
260,Sao Gabriel Da Cachoeira,-0.1303,-67.0892,86.0,74,40,3.44,BR,2021-04-02 20:37:17
261,Khatanga,71.9667,102.5,-33.48,98,7,4.65,RU,2021-04-02 20:37:10
262,Kuliyapitiya,7.4688,80.0401,84.2,74,40,6.91,LK,2021-04-02 20:37:17
263,Mosetse,-20.75,26.65,69.48,43,4,10.45,BW,2021-04-02 20:37:17
264,Kutum,14.2,24.6667,70.48,15,0,12.84,SD,2021-04-02 20:37:18
265,Innisfail,-17.5333,146.0333,70.66,91,67,6.13,AU,2021-04-02 20:37:18
266,Ushuaia,-54.8,-68.3,51.8,62,40,16.11,AR,2021-04-02 20:33:49
267,Ubauro,28.1652,69.7289,82.06,10,0,7.9,PK,2021-04-02 20:34:43
268,Busselton,-33.65,115.3333,63.0,84,100,1.99,AU,2021-04-02 20:33:12
269,Tiksi,71.6872,128.8694,-18.06,100,100,7.09,RU,2021-04-02 20:36:45
270,Vaini,-21.2,-175.2,80.6,89,75,3.44,TO,2021-04-02 20:36:44
271,Port Alfred,-33.5906,26.891,61.86,82,30,12.55,ZA,2021-04-02 20:36:28
272,Chapais,49.7834,-74.8492,24.8,36,1,18.41,CA,2021-04-02 20:32:44
273,Pisco,-13.7,-76.2167,77.0,61,0,8.05,PE,2021-04-02 20:36:30
274,Atuona,-9.8,-139.0333,80.51,80,23,13.47,PF,2021-04-02 20:36:50
275,Rikitea,-23.1203,-134.9692,77.05,78,99,11.48,PF,2021-04-02 20:35:58
276,Shushenskoye,53.325,91.9356,35.6,32,0,15.66,RU,2021-04-02 20:37:19
277,Rikitea,-23.1203,-134.9692,77.05,78,99,11.48,PF,2021-04-02 20:35:58
278,Balkhash,46.844,74.9804,34.88,64,4,9.15,KZ,2021-04-02 20:37:20
279,Rikitea,-23.1203,-134.9692,77.05,78,99,11.48,PF,2021-04-02 20:35:58
280,Mataura,-46.1927,168.8643,45.0,86,80,5.01,NZ,2021-04-02 20:35:57
281,Filotion,37.05,25.5,60.8,82,0,11.5,GR,2021-04-02 20:37:20
282,Kpandae,8.4689,-0.0113,89.91,35,18,5.64,GH,2021-04-02 20:37:21
283,Port Blair,11.6667,92.75,76.89,70,100,4.5,IN,2021-04-02 20:37:21
284,Georgetown,5.4112,100.3354,84.2,89,20,2.3,MY,2021-04-02 20:36:06
285,Busselton,-33.65,115.3333,63.0,84,100,1.99,AU,2021-04-02 20:33:12
286,Aksarka,66.5606,67.7975,29.07,98,100,4.79,RU,2021-04-02 20:33:15
287,Sibolga,1.7427,98.7792,76.19,84,100,3.22,ID,2021-04-02 20:37:09
288,Yellowknife,62.456,-114.3525,9.0,78,90,9.22,CA,2021-04-02 20:36:24
289,Mar Del Plata,-38.0023,-57.5575,68.0,83,40,10.36,AR,2021-04-02 20:31:46
290,Clyde River,70.4692,-68.5914,-5.8,65,1,23.02,CA,2021-04-02 20:36:38
291,Albany,42.6001,-73.9662,37.0,31,100,1.99,US,2021-04-02 20:35:15
292,Esperance,-33.8667,121.9,62.6,94,90,9.22,AU,2021-04-02 20:36:41
293,Hun,29.1268,15.9477,68.72,24,0,9.86,LY,2021-04-02 20:37:22
294,Vihari,30.0333,72.35,66.99,11,0,8.61,PK,2021-04-02 20:37:23
295,Rikitea,-23.1203,-134.9692,77.05,78,99,11.48,PF,2021-04-02 20:35:58
296,Nome,64.5011,-165.4064,10.99,85,90,23.02,US,2021-04-02 20:37:23
297,Qasigiannguit,68.8193,-51.1922,10.4,56,75,5.75,GL,2021-04-02 20:33:23
298,Malakal,9.5334,31.6605,87.48,15,81,5.77,SS,2021-04-02 20:37:23
299,Pitimbu,-7.4706,-34.8086,82.4,74,0,11.5,BR,2021-04-02 20:37:24
300,Fairbanks,64.8378,-147.7164,9.0,61,20,4.61,US,2021-04-02 20:37:24
301,Ushuaia,-54.8,-68.3,51.8,62,40,16.11,AR,2021-04-02 20:33:49
302,Barrow,71.2906,-156.7887,-18.4,76,20,4.61,US,2021-04-02 20:36:32
303,Albany,42.6001,-73.9662,37.0,31,100,1.99,US,2021-04-02 20:35:15
304,Bengkulu,-3.8004,102.2655,75.79,89,81,10.56,ID,2021-04-02 20:36:31
305,Tsabong,-26.0217,22.401,80.15,32,17,6.62,BW,2021-04-02 20:37:25
306,Pangnirtung,66.1451,-65.7125,-13.0,58,1,3.44,CA,2021-04-02 20:37:25
307,Barrow,71.2906,-156.7887,-18.4,76,20,4.61,US,2021-04-02 20:36:32
308,Avarua,-21.2078,-159.775,82.4,74,20,16.11,CK,2021-04-02 20:30:14
309,Ongandjera,-17.8833,15.0667,77.54,53,99,4.34,NA,2021-04-02 20:37:25
310,Geraldton,-28.7667,114.6,71.6,88,40,12.66,AU,2021-04-02 20:37:26
311,Cayenne,4.9333,-52.3333,78.8,89,0,9.22,GF,2021-04-02 20:37:26
312,Vaini,-21.2,-175.2,80.6,89,75,3.44,TO,2021-04-02 20:36:44
313,Carroll,39.5501,-77.0164,44.6,26,40,14.97,US,2021-04-02 20:37:27
314,Ancud,-41.8697,-73.8203,60.01,82,90,4.61,CL,2021-04-02 20:37:27
315,Rikitea,-23.1203,-134.9692,77.05,78,99,11.48,PF,2021-04-02 20:35:58
316,Sao Sebastiao,-23.76,-45.4097,73.6,77,46,6.26,BR,2021-04-02 20:32:37
317,Camacha,33.0833,-16.3333,62.6,67,75,9.22,PT,2021-04-02 20:36:06
318,Dukat,62.55,155.55,-5.6,99,93,5.3,RU,2021-04-02 20:37:27
319,Tual,-5.6667,132.75,82.27,76,100,16.98,ID,2021-04-02 20:37:28
320,Albany,42.6001,-73.9662,37.0,31,100,1.99,US,2021-04-02 20:35:15
321,Alta Floresta,-9.8756,-56.0861,89.6,58,20,4.61,BR,2021-04-02 20:37:28
322,Butaritari,3.0707,172.7902,81.63,81,35,16.78,KI,2021-04-02 20:36:36
323,Albany,42.6001,-73.9662,37.0,31,100,1.99,US,2021-04-02 20:35:15
324,Longyearbyen,78.2186,15.6401,21.2,73,75,10.36,SJ,2021-04-02 20:36:28
325,Ushuaia,-54.8,-68.3,51.8,62,40,16.11,AR,2021-04-02 20:33:49
326,Padang,-0.9492,100.3543,78.8,69,90,5.75,ID,2021-04-02 20:32:04
327,Busselton,-33.65,115.3333,63.0,84,100,1.99,AU,2021-04-02 20:33:12
328,Vardo,70.3705,31.1107,31.86,73,98,7.36,NO,2021-04-02 20:37:15
329,Turbat,26.0023,63.044,82.0,21,0,1.54,PK,2021-04-02 20:33:01
330,Jamestown,42.097,-79.2353,35.01,34,1,13.8,US,2021-04-02 20:35:36
331,Mataura,-46.1927,168.8643,45.0,86,80,5.01,NZ,2021-04-02 20:35:57
332,Hasaki,35.7333,140.8333,51.8,82,40,1.14,JP,2021-04-02 20:37:30
333,Baykit,61.67,96.37,16.75,97,100,0.72,RU,2021-04-02 20:37:30
334,Luderitz,-26.6481,15.1594,70.0,48,0,14.12,NA,2021-04-02 20:37:30
335,Punta Arenas,-53.15,-70.9167,51.8,62,0,10.36,CL,2021-04-02 20:36:25
336,Yellowknife,62.456,-114.3525,9.0,78,90,9.22,CA,2021-04-02 20:36:24
337,Pisco,-13.7,-76.2167,77.0,61,0,8.05,PE,2021-04-02 20:36:30
338,Hermanus,-34.4187,19.2345,61.0,77,49,4.0,ZA,2021-04-02 20:34:02
339,Ales,44.1333,4.0833,63.0,54,0,3.44,FR,2021-04-02 20:37:31
340,La Asuncion,11.0333,-63.8628,93.2,49,18,23.02,VE,2021-04-02 20:37:31
341,Bubaque,11.2833,-15.8333,76.12,79,0,20.22,GW,2021-04-02 20:37:32
342,Hobart,-42.8794,147.3294,63.0,67,0,5.75,AU,2021-04-02 20:33:52
343,South Lake Tahoe,38.9332,-119.9844,73.4,11,1,4.61,US,2021-04-02 20:37:32
344,Atar,20.5169,-13.0499,91.36,6,100,3.31,MR,2021-04-02 20:36:50
345,Busselton,-33.65,115.3333,63.0,84,100,1.99,AU,2021-04-02 20:33:12
346,Mathbaria,22.2876,89.9593,74.98,92,5,5.95,BD,2021-04-02 20:37:33
347,Menongue,-14.6585,17.691,63.9,92,100,4.16,AO,2021-04-02 20:37:33
348,Quatre Cocos,-20.2078,57.7625,75.99,100,40,6.91,MU,2021-04-02 20:37:33
349,Stamford,41.0534,-73.5387,37.0,34,90,12.66,US,2021-04-02 20:36:02
350,Clyde River,70.4692,-68.5914,-5.8,65,1,23.02,CA,2021-04-02 20:36:38
351,Riyadh,24.6877,46.7219,86.0,16,0,4.61,SA,2021-04-02 20:37:34
352,Iqaluit,63.7506,-68.5145,-5.01,65,1,2.3,CA,2021-04-02 20:33:06
353,Tasiilaq,65.6145,-37.6368,30.2,86,75,9.22,GL,2021-04-02 20:37:34
354,Upernavik,72.7868,-56.1549,-11.76,94,100,12.21,GL,2021-04-02 20:37:04
355,Hermanus,-34.4187,19.2345,61.0,77,49,4.0,ZA,2021-04-02 20:34:02
356,Dikson,73.5069,80.5464,-17.12,84,96,4.81,RU,2021-04-02 20:33:07
357,Ushuaia,-54.8,-68.3,51.8,62,40,16.11,AR,2021-04-02 20:33:49
358,Cape Town,-33.9258,18.4232,64.4,63,0,8.05,ZA,2021-04-02 20:36:48
359,Tiarei,-17.5333,-149.3333,86.0,66,20,8.05,PF,2021-04-02 20:37:35
360,Marsh Harbour,26.5412,-77.0636,68.29,62,100,26.6,BS,2021-04-02 20:37:35
361,Vila Velha,-20.3297,-40.2925,78.8,61,0,9.22,BR,2021-04-02 20:37:36
362,Qaanaaq,77.484,-69.3632,-16.82,76,100,9.89,GL,2021-04-02 20:32:05
363,Albany,42.6001,-73.9662,37.0,31,100,1.99,US,2021-04-02 20:35:15
364,Yellowknife,62.456,-114.3525,9.0,78,90,9.22,CA,2021-04-02 20:36:24
365,Bacolod,10.6667,122.95,76.96,86,96,9.13,PH,2021-04-02 20:37:36
366,Pimentel,-6.8367,-79.9342,80.6,50,0,21.85,PE,2021-04-02 20:37:37
367,Ribeira Grande,38.5167,-28.7,60.8,82,75,17.27,PT,2021-04-02 20:36:54
368,Rafaela,-31.2503,-61.4867,73.35,59,0,5.77,AR,2021-04-02 20:37:37
369,Hobart,-42.8794,147.3294,63.0,67,0,5.75,AU,2021-04-02 20:33:52
370,Semey,50.4111,80.2275,21.81,85,12,5.19,KZ,2021-04-02 20:37:38
371,Hobyo,5.3505,48.5268,82.38,74,2,11.68,SO,2021-04-02 20:37:38
372,Kavieng,-2.5744,150.7967,83.19,77,99,8.7,PG,2021-04-02 20:37:38
373,Bluff,-46.6,168.3333,45.0,86,90,5.01,NZ,2021-04-02 20:36:38
374,Jamestown,42.097,-79.2353,35.01,34,1,13.8,US,2021-04-02 20:35:36
375,Ushuaia,-54.8,-68.3,51.8,62,40,16.11,AR,2021-04-02 20:33:49
376,New Norfolk,-42.7826,147.0587,63.0,37,0,5.99,AU,2021-04-02 20:37:39
377,Terrace,54.5163,-128.6035,37.4,93,90,5.75,CA,2021-04-02 20:35:23
378,Thompson,55.7435,-97.8558,46.4,39,20,12.66,CA,2021-04-02 20:33:38
379,Punta Arenas,-53.15,-70.9167,51.8,62,0,10.36,CL,2021-04-02 20:36:25
380,Castro,-24.7911,-50.0119,63.36,74,6,5.1,BR,2021-04-02 20:36:26
381,Dikson,73.5069,80.5464,-17.12,84,96,4.81,RU,2021-04-02 20:33:07
382,Saint-Pierre,-21.3393,55.4781,75.2,94,75,16.11,RE,2021-04-02 20:36:33
383,Kavaratti,10.5669,72.642,82.65,61,45,12.46,IN,2021-04-02 20:37:40
384,Pedasi,7.5333,-80.0333,84.56,66,31,17.27,PA,2021-04-02 20:34:18
385,Butaritari,3.0707,172.7902,81.63,81,35,16.78,KI,2021-04-02 20:36:36
386,Dikson,73.5069,80.5464,-17.12,84,96,4.81,RU,2021-04-02 20:33:07
387,Rakovnik,50.1037,13.7334,41.0,84,30,5.99,CZ,2021-04-02 20:37:41
388,Hailar,49.2,119.7,24.94,53,0,10.6,CN,2021-04-02 20:34:16
389,Hithadhoo,-0.6,73.0833,83.64,75,85,19.69,MV,2021-04-02 20:37:41
390,Asau,46.4333,26.4,41.0,58,100,3.58,RO,2021-04-02 20:37:41
391,Avarua,-21.2078,-159.775,82.4,74,20,16.11,CK,2021-04-02 20:30:14
392,Noumea,-22.2763,166.4572,78.01,100,75,3.44,NC,2021-04-02 20:37:42
393,Puerto Ayora,-0.7393,-90.3518,82.4,78,40,8.05,EC,2021-04-02 20:36:30
394,Evensk,61.95,159.2333,9.99,77,100,7.4,RU,2021-04-02 20:37:42
395,Ndele,8.4109,20.6473,88.99,25,89,4.05,CF,2021-04-02 20:37:42
396,Rikitea,-23.1203,-134.9692,77.05,78,99,11.48,PF,2021-04-02 20:35:58
397,Bluff,-46.6,168.3333,45.0,86,90,5.01,NZ,2021-04-02 20:36:38
398,Baculin,7.4525,126.5842,77.27,87,99,6.87,PH,2021-04-02 20:37:43
399,Rikitea,-23.1203,-134.9692,77.05,78,99,11.48,PF,2021-04-02 20:35:58
400,Busselton,-33.65,115.3333,63.0,84,100,1.99,AU,2021-04-02 20:33:12
401,Luwuk,-0.9516,122.7875,79.14,76,100,2.08,ID,2021-04-02 20:37:43
402,Porto Novo,6.4965,2.6036,86.0,79,20,12.66,BJ,2021-04-02 20:36:29
403,Mataura,-46.1927,168.8643,45.0,86,80,5.01,NZ,2021-04-02 20:35:57
404,Lebu,-37.6167,-73.65,57.54,83,3,15.5,CL,2021-04-02 20:37:08
405,Bredasdorp,-34.5322,20.0403,50.0,93,32,5.75,ZA,2021-04-02 20:31:49
406,Bilma,18.6853,12.9164,72.84,11,0,5.17,NE,2021-04-02 20:37:44
407,Mahebourg,-20.4081,57.7,75.2,100,40,6.91,MU,2021-04-02 20:35:01
408,East London,-33.0153,27.9116,63.43,82,99,15.37,ZA,2021-04-02 20:36:43
409,Lichinga,-13.3128,35.2406,64.4,88,0,3.44,MZ,2021-04-02 20:37:45
410,Nikolskoye,59.7035,30.7861,35.01,93,0,2.24,RU,2021-04-02 20:36:46
411,Chicama,-7.8447,-79.1469,71.6,78,75,11.5,PE,2021-04-02 20:37:45
412,Comodoro Rivadavia,-45.8667,-67.5,66.2,55,20,6.91,AR,2021-04-02 20:37:45
413,Sambava,-14.2667,50.1667,75.74,88,59,11.65,MG,2021-04-02 20:33:14
414,Cherskiy,68.75,161.3,-5.33,80,100,6.15,RU,2021-04-02 20:36:56
415,Busselton,-33.65,115.3333,63.0,84,100,1.99,AU,2021-04-02 20:33:12
416,Hermanus,-34.4187,19.2345,61.0,77,49,4.0,ZA,2021-04-02 20:34:02
417,Hilo,19.7297,-155.09,77.0,61,20,6.46,US,2021-04-02 20:36:25
418,Cidreira,-30.1811,-50.2056,68.86,83,95,12.44,BR,2021-04-02 20:32:47
419,Nikolskoye,59.7035,30.7861,35.01,93,0,2.24,RU,2021-04-02 20:36:46
420,Busselton,-33.65,115.3333,63.0,84,100,1.99,AU,2021-04-02 20:33:12
421,San Vicente De Canete,-13.0751,-76.3835,72.54,78,33,5.26,PE,2021-04-02 20:37:47
422,Port Alfred,-33.5906,26.891,61.86,82,30,12.55,ZA,2021-04-02 20:36:28
423,Punta Arenas,-53.15,-70.9167,51.8,62,0,10.36,CL,2021-04-02 20:36:25
424,Vaini,-21.2,-175.2,80.6,89,75,3.44,TO,2021-04-02 20:36:44
425,Batagay-Alyta,67.8006,130.4114,-3.71,98,100,5.37,RU,2021-04-02 20:37:47
426,Isla Mujeres,21.2311,-86.731,77.0,53,90,14.97,MX,2021-04-02 20:37:48
427,Sur,22.5667,59.5289,83.62,32,61,8.1,OM,2021-04-02 20:37:48
428,Atuona,-9.8,-139.0333,80.51,80,23,13.47,PF,2021-04-02 20:36:50
429,Biak,-0.9131,122.8766,77.9,75,100,1.7,ID,2021-04-02 20:37:48
430,Ushuaia,-54.8,-68.3,51.8,62,40,16.11,AR,2021-04-02 20:33:49
431,Hobart,-42.8794,147.3294,63.0,67,0,5.75,AU,2021-04-02 20:33:52
432,Palmer,42.1584,-72.3287,37.0,37,90,13.8,US,2021-04-02 20:35:10
433,Los Llanos De Aridane,28.6585,-17.9182,66.2,77,20,11.5,ES,2021-04-02 20:34:49
434,Nikolskoye,59.7035,30.7861,35.01,93,0,2.24,RU,2021-04-02 20:36:46
435,Aborlan,9.4352,118.5492,77.9,86,94,7.18,PH,2021-04-02 20:37:49
436,Lebu,-37.6167,-73.65,57.54,83,3,15.5,CL,2021-04-02 20:37:08
437,Santa Cruz,-17.8,-63.1667,82.4,57,20,11.5,BO,2021-04-02 20:37:50
438,Hobart,-42.8794,147.3294,63.0,67,0,5.75,AU,2021-04-02 20:33:52
439,Albany,42.6001,-73.9662,37.0,31,100,1.99,US,2021-04-02 20:35:15
440,Revda,56.801,59.9303,41.0,48,0,11.18,RU,2021-04-02 20:37:50
441,Changchun,43.88,125.3228,44.01,42,0,11.18,CN,2021-04-02 20:37:50
442,Rio Gallegos,-51.6226,-69.2181,59.0,25,0,9.22,AR,2021-04-02 20:37:51
443,Kemijarvi,66.7131,27.4306,24.4,98,93,2.89,FI,2021-04-02 20:37:51
444,Bati,11.1833,40.0167,66.85,20,1,4.9,ET,2021-04-02 20:37:51
445,Atuona,-9.8,-139.0333,80.51,80,23,13.47,PF,2021-04-02 20:36:50
446,Ribeira Grande,38.5167,-28.7,60.8,82,75,17.27,PT,2021-04-02 20:36:54
447,Severo-Kurilsk,50.6789,156.125,29.59,80,31,16.69,RU,2021-04-02 20:37:52
448,Cape Town,-33.9258,18.4232,64.4,63,0,8.05,ZA,2021-04-02 20:36:48
449,Tiksi,71.6872,128.8694,-18.06,100,100,7.09,RU,2021-04-02 20:36:45
450,Lincoln,40.8,-96.667,73.4,20,1,27.63,US,2021-04-02 20:37:52
451,Souillac,-20.5167,57.5167,75.2,100,40,6.91,MU,2021-04-02 20:34:08
452,Tuatapere,-46.1333,167.6833,45.0,86,100,5.01,NZ,2021-04-02 20:37:09
453,Upernavik,72.7868,-56.1549,-11.76,94,100,12.21,GL,2021-04-02 20:37:04
454,Lebu,-37.6167,-73.65,57.54,83,3,15.5,CL,2021-04-02 20:37:08
455,Albany,42.6001,-73.9662,37.0,31,100,1.99,US,2021-04-02 20:35:15
456,Campo Grande,-20.4428,-54.6464,87.8,45,40,10.36,BR,2021-04-02 20:36:49
457,North Bend,43.4065,-124.2243,60.01,66,1,9.22,US,2021-04-02 20:37:53
458,Huarmey,-10.0681,-78.1522,74.07,75,86,10.18,PE,2021-04-02 20:37:54
459,Swan Hill,-35.3378,143.5544,66.51,46,0,5.97,AU,2021-04-02 20:37:54
460,Almaznyy,48.0448,40.045,46.4,87,0,15.66,RU,2021-04-02 20:37:54
461,Dillingen,49.35,6.7333,45.0,68,0,7.29,DE,2021-04-02 20:37:55
462,Rikitea,-23.1203,-134.9692,77.05,78,99,11.48,PF,2021-04-02 20:35:58
463,Barrow,71.2906,-156.7887,-18.4,76,20,4.61,US,2021-04-02 20:36:32
464,Awbari,26.5921,12.7805,69.21,19,0,9.57,LY,2021-04-02 20:33:10
465,Barrow,71.2906,-156.7887,-18.4,76,20,4.61,US,2021-04-02 20:36:32
466,Huarmey,-10.0681,-78.1522,74.07,75,86,10.18,PE,2021-04-02 20:37:54
467,Punta Arenas,-53.15,-70.9167,51.8,62,0,10.36,CL,2021-04-02 20:36:25
468,Bethel,41.3712,-73.414,33.01,46,100,3.0,US,2021-04-02 20:36:31
469,Ponta Do Sol,32.6667,-17.1,62.6,67,40,8.05,PT,2021-04-02 20:32:57
470,Bluff,-46.6,168.3333,45.0,86,90,5.01,NZ,2021-04-02 20:36:38
471,Nizhniy Kuranakh,58.8353,125.4869,-1.75,99,100,2.75,RU,2021-04-02 20:37:56
472,Rikitea,-23.1203,-134.9692,77.05,78,99,11.48,PF,2021-04-02 20:35:58
473,Dikson,73.5069,80.5464,-17.12,84,96,4.81,RU,2021-04-02 20:33:07
474,Bengkulu,-3.8004,102.2655,75.79,89,81,10.56,ID,2021-04-02 20:36:31
475,Auka,14.9333,-83.8333,86.0,70,40,9.22,HN,2021-04-02 20:37:56
476,Samarai,-10.6167,150.6667,80.76,78,100,4.12,PG,2021-04-02 20:36:47
477,Souillac,-20.5167,57.5167,75.2,100,40,6.91,MU,2021-04-02 20:34:08
478,Boa Vista,2.8197,-60.6733,91.4,46,75,8.05,BR,2021-04-02 20:36:33
479,Victoria,22.2855,114.1577,78.01,82,0,1.61,HK,2021-04-02 20:33:29
480,Daura,11.5538,11.4085,77.49,9,58,12.33,NG,2021-04-02 20:35:12
481,Ushuaia,-54.8,-68.3,51.8,62,40,16.11,AR,2021-04-02 20:33:49
482,Raga,8.4596,25.678,82.17,17,72,3.04,SS,2021-04-02 20:37:57
483,Challans,46.8436,-1.8749,55.4,41,0,13.8,FR,2021-04-02 20:37:58
484,Yarada,17.65,83.2667,84.2,94,40,5.75,IN,2021-04-02 20:37:58
485,Port Blair,11.6667,92.75,76.89,70,100,4.5,IN,2021-04-02 20:37:21
486,Yellowknife,62.456,-114.3525,9.0,78,90,9.22,CA,2021-04-02 20:36:24
487,Iqaluit,63.7506,-68.5145,-5.01,65,1,2.3,CA,2021-04-02 20:33:06
488,Khatanga,71.9667,102.5,-33.48,98,7,4.65,RU,2021-04-02 20:37:10
489,Ushuaia,-54.8,-68.3,51.8,62,40,16.11,AR,2021-04-02 20:33:49
490,Ushuaia,-54.8,-68.3,51.8,62,40,16.11,AR,2021-04-02 20:33:49
491,Baculin,7.4525,126.5842,77.27,87,99,6.87,PH,2021-04-02 20:37:43
492,Mataura,-46.1927,168.8643,45.0,86,80,5.01,NZ,2021-04-02 20:35:57
493,Rikitea,-23.1203,-134.9692,77.05,78,99,11.48,PF,2021-04-02 20:35:58
494,Punta Arenas,-53.15,-70.9167,51.8,62,0,10.36,CL,2021-04-02 20:36:25
495,Qaanaaq,77.484,-69.3632,-16.82,76,100,9.89,GL,2021-04-02 20:32:05
496,Constantine,36.365,6.6147,57.2,88,75,17.27,DZ,2021-04-02 20:38:00
497,Ushuaia,-54.8,-68.3,51.8,62,40,16.11,AR,2021-04-02 20:33:49
498,Arraial Do Cabo,-22.9661,-42.0278,78.8,69,20,17.27,BR,2021-04-02 20:36:59
499,Ambon,-3.6954,128.1814,77.0,94,40,3.44,ID,2021-04-02 20:38:00
500,Busselton,-33.65,115.3333,63.0,84,100,1.99,AU,2021-04-02 20:33:12
501,Tasiilaq,65.6145,-37.6368,30.2,86,75,9.22,GL,2021-04-02 20:37:34
502,Ushuaia,-54.8,-68.3,51.8,62,40,16.11,AR,2021-04-02 20:33:49
503,Busselton,-33.65,115.3333,63.0,84,100,1.99,AU,2021-04-02 20:33:12
504,Punta Arenas,-53.15,-70.9167,51.8,62,0,10.36,CL,2021-04-02 20:36:25
505,Sergeyevka,53.88,67.4158,23.76,84,76,14.58,KZ,2021-04-02 20:38:01
506,Hermanus,-34.4187,19.2345,61.0,77,49,4.0,ZA,2021-04-02 20:34:02
507,Barrow,71.2906,-156.7887,-18.4,76,20,4.61,US,2021-04-02 20:36:32
508,Fort Smith,35.3859,-94.3986,66.99,22,1,8.05,US,2021-04-02 20:36:52
509,Cape Town,-33.9258,18.4232,64.4,63,0,8.05,ZA,2021-04-02 20:36:48
510,Buraydah,26.326,43.975,75.2,23,40,17.27,SA,2021-04-02 20:33:38
511,Dikson,73.5069,80.5464,-17.12,84,96,4.81,RU,2021-04-02 20:33:07
512,Skjervoy,70.0311,20.9714,35.91,98,100,26.31,NO,2021-04-02 20:38:02
513,Jamestown,42.097,-79.2353,35.01,34,1,13.8,US,2021-04-02 20:35:36
514,Bambous Virieux,-20.3428,57.7575,75.99,100,40,6.91,MU,2021-04-02 20:36:46
515,Rikitea,-23.1203,-134.9692,77.05,78,99,11.48,PF,2021-04-02 20:35:58
516,North Bend,43.4065,-124.2243,60.01,66,1,9.22,US,2021-04-02 20:37:53
517,Pevek,69.7008,170.3133,-14.75,93,9,1.68,RU,2021-04-02 20:38:03
518,Port Alfred,-33.5906,26.891,61.86,82,30,12.55,ZA,2021-04-02 20:36:28
519,San Pedro,14.35,121.0167,79.0,73,20,4.61,PH,2021-04-02 20:31:47
520,Atasu,48.6814,71.6433,15.87,85,20,4.61,KZ,2021-04-02 20:38:03
521,Ushuaia,-54.8,-68.3,51.8,62,40,16.11,AR,2021-04-02 20:33:49
522,Puerto Ayora,-0.7393,-90.3518,82.4,78,40,8.05,EC,2021-04-02 20:36:30
523,Qaanaaq,77.484,-69.3632,-16.82,76,100,9.89,GL,2021-04-02 20:32:05
524,Katangli,51.7102,143.2326,31.12,92,100,10.89,RU,2021-04-02 20:38:04
525,Dvorichna,49.8496,37.6857,51.98,58,99,13.02,UA,2021-04-02 20:38:04
526,Mataura,-46.1927,168.8643,45.0,86,80,5.01,NZ,2021-04-02 20:35:57
527,Paamiut,61.994,-49.6678,26.71,96,100,11.12,GL,2021-04-02 20:38:05
528,Mataura,-46.1927,168.8643,45.0,86,80,5.01,NZ,2021-04-02 20:35:57
529,Soria,41.6667,-2.6667,48.99,79,41,6.06,ES,2021-04-02 20:38:05
530,Faanui,-16.4833,-151.75,81.45,70,0,2.17,PF,2021-04-02 20:38:05
531,Tiksi,71.6872,128.8694,-18.06,100,100,7.09,RU,2021-04-02 20:36:45
532,Barrow,71.2906,-156.7887,-18.4,76,20,4.61,US,2021-04-02 20:36:32
533,Pisco,-13.7,-76.2167,77.0,61,0,8.05,PE,2021-04-02 20:36:30
534,San Julian,21.0167,-102.1667,82.0,25,5,14.36,MX,2021-04-02 20:38:06
535,Jamestown,42.097,-79.2353,35.01,34,1,13.8,US,2021-04-02 20:35:36
536,Punta Arenas,-53.15,-70.9167,51.8,62,0,10.36,CL,2021-04-02 20:36:25
537,Yellowknife,62.456,-114.3525,9.0,78,90,9.22,CA,2021-04-02 20:36:24
538,Lodwar,3.1191,35.5973,86.83,43,51,6.15,KE,2021-04-02 20:38:07
539,Port Elizabeth,-33.918,25.5701,60.8,82,20,11.5,ZA,2021-04-02 20:37:14
540,Butaritari,3.0707,172.7902,81.63,81,35,16.78,KI,2021-04-02 20:36:36
541,Bambous Virieux,-20.3428,57.7575,75.99,100,40,6.91,MU,2021-04-02 20:36:46
542,Inirida,3.8653,-67.9239,81.3,85,96,2.28,CO,2021-04-02 20:38:07
543,Grand-Santi,4.25,-54.3833,74.34,97,98,4.83,GF,2021-04-02 20:38:07
544,Katsuura,35.1333,140.3,57.2,72,20,3.44,JP,2021-04-02 20:38:08
545,Puerto Ayora,-0.7393,-90.3518,82.4,78,40,8.05,EC,2021-04-02 20:36:30
546,Yellowknife,62.456,-114.3525,9.0,78,90,9.22,CA,2021-04-02 20:36:24
547,Ponta Do Sol,32.6667,-17.1,62.6,67,40,8.05,PT,2021-04-02 20:32:57
548,Butaritari,3.0707,172.7902,81.63,81,35,16.78,KI,2021-04-02 20:36:36
549,Rafraf,37.1904,10.1837,64.4,82,40,6.91,TN,2021-04-02 20:38:08
550,Port Alfred,-33.5906,26.891,61.86,82,30,12.55,ZA,2021-04-02 20:36:28
551,Dikson,73.5069,80.5464,-17.12,84,96,4.81,RU,2021-04-02 20:33:07
552,Hobart,-42.8794,147.3294,63.0,67,0,5.75,AU,2021-04-02 20:33:52
553,Rikitea,-23.1203,-134.9692,77.05,78,99,11.48,PF,2021-04-02 20:35:58
554,Atuona,-9.8,-139.0333,80.51,80,23,13.47,PF,2021-04-02 20:36:50
555,Huangnihe,43.5583,128.0239,39.18,53,100,14.05,CN,2021-04-02 20:38:09
556,Atuona,-9.8,-139.0333,80.51,80,23,13.47,PF,2021-04-02 20:36:50
557,Pimentel,-6.8367,-79.9342,80.6,50,0,21.85,PE,2021-04-02 20:37:37
558,Punta Arenas,-53.15,-70.9167,51.8,62,0,10.36,CL,2021-04-02 20:36:25
559,Varhaug,58.6147,5.6457,39.0,80,7,3.0,NO,2021-04-02 20:38:10
560,New Norfolk,-42.7826,147.0587,63.0,37,0,5.99,AU,2021-04-02 20:37:39
561,Barrow,71.2906,-156.7887,-18.4,76,20,4.61,US,2021-04-02 20:36:32
562,New Norfolk,-42.7826,147.0587,63.0,37,0,5.99,AU,2021-04-02 20:37:39
563,Saint-Paul,-21.0096,55.2707,77.0,78,20,11.5,RE,2021-04-02 20:38:11
564,Martin,27.0837,-80.4164,69.8,46,75,18.41,US,2021-04-02 20:38:11
565,Kavieng,-2.5744,150.7967,83.19,77,99,8.7,PG,2021-04-02 20:37:38
566,Kimbe,-5.5502,150.1429,77.32,91,98,2.06,PG,2021-04-02 20:38:11
567,Ahipara,-35.1667,173.1667,66.67,74,35,10.6,NZ,2021-04-02 20:38:12
568,Isangel,-19.55,169.2667,81.09,81,87,7.05,VU,2021-04-02 20:38:12
569,Bethel,41.3712,-73.414,33.01,46,100,3.0,US,2021-04-02 20:36:31
570,Mataura,-46.1927,168.8643,45.0,86,80,5.01,NZ,2021-04-02 20:35:57
571,Nome,64.5011,-165.4064,10.99,85,90,23.02,US,2021-04-02 20:37:23
572,Brae,60.3964,-1.353,39.2,75,40,6.91,GB,2021-04-02 20:38:13
573,Souillac,-20.5167,57.5167,75.2,100,40,6.91,MU,2021-04-02 20:34:08
574,Rio Gallegos,-51.6226,-69.2181,59.0,25,0,9.22,AR,2021-04-02 20:37:51
575,Camacha,33.0833,-16.3333,62.6,67,75,9.22,PT,2021-04-02 20:36:06
576,Puerto Rondon,6.2805,-71.1,87.35,50,100,6.76,CO,2021-04-02 20:38:13
577,Kutum,14.2,24.6667,70.48,15,0,12.84,SD,2021-04-02 20:37:18
578,Katsuura,35.1333,140.3,57.2,72,20,3.44,JP,2021-04-02 20:38:08
579,Mahebourg,-20.4081,57.7,75.2,100,40,6.91,MU,2021-04-02 20:35:01
580,Jamestown,42.097,-79.2353,35.01,34,1,13.8,US,2021-04-02 20:35:36
581,Rikitea,-23.1203,-134.9692,77.05,78,99,11.48,PF,2021-04-02 20:35:58
582,Rikitea,-23.1203,-134.9692,77.05,78,99,11.48,PF,2021-04-02 20:35:58
583,Jamestown,42.097,-79.2353,35.01,34,1,13.8,US,2021-04-02 20:35:36
584,Albany,42.6001,-73.9662,37.0,31,100,1.99,US,2021-04-02 20:35:15
585,Busselton,-33.65,115.3333,63.0,84,100,1.99,AU,2021-04-02 20:33:12
586,Port Hardy,50.6996,-127.4199,46.4,71,75,5.75,CA,2021-04-02 20:38:14
587,Rikitea,-23.1203,-134.9692,77.05,78,99,11.48,PF,2021-04-02 20:35:58
588,Ushuaia,-54.8,-68.3,51.8,62,40,16.11,AR,2021-04-02 20:33:49
589,Tautira,-17.7333,-149.15,86.0,66,20,8.05,PF,2021-04-02 20:37:30
590,Khatanga,71.9667,102.5,-33.48,98,7,4.65,RU,2021-04-02 20:37:10
591,Hithadhoo,-0.6,73.0833,83.64,75,85,19.69,MV,2021-04-02 20:37:41
592,Kaitangata,-46.2817,169.8464,51.01,76,81,5.01,NZ,2021-04-02 20:38:15
593,Hithadhoo,-0.6,73.0833,83.64,75,85,19.69,MV,2021-04-02 20:37:41
594,Port Hardy,50.6996,-127.4199,46.4,71,75,5.75,CA,2021-04-02 20:38:14
595,Atuona,-9.8,-139.0333,80.51,80,23,13.47,PF,2021-04-02 20:36:50
596,San Jose El Alto,20.65,-100.3667,69.8,43,40,19.57,MX,2021-04-02 20:38:16
597,Bluff,-46.6,168.3333,45.0,86,90,5.01,NZ,2021-04-02 20:36:38
598,Arraial Do Cabo,-22.9661,-42.0278,78.8,69,20,17.27,BR,2021-04-02 20:36:59
599,Bluff,-46.6,168.3333,45.0,86,90,5.01,NZ,2021-04-02 20:36:38
600,Raga,8.4596,25.678,82.17,17,72,3.04,SS,2021-04-02 20:37:57
601,Canutama,-6.5339,-64.3831,84.02,76,91,2.89,BR,2021-04-02 20:38:17
602,Mataura,-46.1927,168.8643,45.0,86,80,5.01,NZ,2021-04-02 20:35:57
603,Pacific Grove,36.6177,-121.9166,59.0,67,1,6.91,US,2021-04-02 20:34:03
604,Kananga,-5.8958,22.4178,69.62,93,93,2.57,CD,2021-04-02 20:38:17
605,Rikitea,-23.1203,-134.9692,77.05,78,99,11.48,PF,2021-04-02 20:35:58
606,Baykit,61.67,96.37,16.75,97,100,0.72,RU,2021-04-02 20:37:30
607,Jamestown,42.097,-79.2353,35.01,34,1,13.8,US,2021-04-02 20:35:36
608,Greenville,35.6127,-77.3663,48.0,27,1,10.36,US,2021-04-02 20:37:06
609,Chuy,-33.6971,-53.4616,67.17,69,10,7.87,UY,2021-04-02 20:36:47
610,Nikolskoye,59.7035,30.7861,35.01,93,0,2.24,RU,2021-04-02 20:36:46
611,Sebezh,56.2955,28.4654,33.48,92,100,3.94,RU,2021-04-02 20:38:18
612,Sambava,-14.2667,50.1667,75.74,88,59,11.65,MG,2021-04-02 20:33:14
613,Hobart,-42.8794,147.3294,63.0,67,0,5.75,AU,2021-04-02 20:33:52
614,Kapaa,22.0752,-159.319,78.8,61,40,13.8,US,2021-04-02 20:36:50
615,Saint George,37.1041,-113.5841,82.99,12,1,3.44,US,2021-04-02 20:38:19
616,Atasu,48.6814,71.6433,15.87,85,20,4.61,KZ,2021-04-02 20:38:03
617,Victoria,22.2855,114.1577,78.01,82,0,1.61,HK,2021-04-02 20:33:29
618,Hilo,19.7297,-155.09,77.0,61,20,6.46,US,2021-04-02 20:36:25
619,Khatanga,71.9667,102.5,-33.48,98,7,4.65,RU,2021-04-02 20:37:10
620,Mehamn,71.0357,27.8492,27.59,89,96,6.15,NO,2021-04-02 20:38:20
621,Zhigansk,66.7697,123.3711,-11.34,99,100,3.78,RU,2021-04-02 20:38:20
622,Hilo,19.7297,-155.09,77.0,61,20,6.46,US,2021-04-02 20:36:25
623,Coripata,-16.3,-67.6,51.8,66,75,6.91,BO,2021-04-02 20:38:20
624,Boende,-0.2167,20.8667,70.41,92,99,1.7,CD,2021-04-02 20:38:21
625,Deputatskiy,69.3,139.9,-14.87,99,100,1.66,RU,2021-04-02 20:38:21
626,Upernavik,72.7868,-56.1549,-11.76,94,100,12.21,GL,2021-04-02 20:37:04
627,Ushuaia,-54.8,-68.3,51.8,62,40,16.11,AR,2021-04-02 20:33:49
628,Mataura,-46.1927,168.8643,45.0,86,80,5.01,NZ,2021-04-02 20:35:57
629,Tasiilaq,65.6145,-37.6368,30.2,86,75,9.22,GL,2021-04-02 20:37:34
630,Butaritari,3.0707,172.7902,81.63,81,35,16.78,KI,2021-04-02 20:36:36
631,Rikitea,-23.1203,-134.9692,77.05,78,99,11.48,PF,2021-04-02 20:35:58
632,Kapaa,22.0752,-159.319,78.8,61,40,13.8,US,2021-04-02 20:36:50
633,Tuktoyaktuk,69.4541,-133.0374,-16.6,69,75,5.75,CA,2021-04-02 20:37:20
634,East London,-33.0153,27.9116,63.43,82,99,15.37,ZA,2021-04-02 20:36:43
635,Hihya,30.6713,31.588,60.8,55,0,6.91,EG,2021-04-02 20:38:22
636,Rikitea,-23.1203,-134.9692,77.05,78,99,11.48,PF,2021-04-02 20:35:58
637,Hermanus,-34.4187,19.2345,61.0,77,49,4.0,ZA,2021-04-02 20:34:02
638,Rikitea,-23.1203,-134.9692,77.05,78,99,11.48,PF,2021-04-02 20:35:58
639,Rikitea,-23.1203,-134.9692,77.05,78,99,11.48,PF,2021-04-02 20:35:58
640,Avarua,-21.2078,-159.775,82.4,74,20,16.11,CK,2021-04-02 20:30:14
641,Mambatangan,8.4333,124.8333,71.35,92,100,3.6,PH,2021-04-02 20:38:23
642,Yellowknife,62.456,-114.3525,9.0,78,90,9.22,CA,2021-04-02 20:36:24
643,Cape Town,-33.9258,18.4232,64.4,63,0,8.05,ZA,2021-04-02 20:36:48
644,Tiksi,71.6872,128.8694,-18.06,100,100,7.09,RU,2021-04-02 20:36:45
645,Cape Town,-33.9258,18.4232,64.4,63,0,8.05,ZA,2021-04-02 20:36:48
646,Nemuro,43.3236,145.575,37.72,86,100,18.1,JP,2021-04-02 20:38:24
647,Albany,42.6001,-73.9662,37.0,31,100,1.99,US,2021-04-02 20:35:15
648,Gold Coast,-28.0,153.4333,72.0,60,90,14.97,AU,2021-04-02 20:38:24
649,Kurchum,48.5722,83.6542,24.58,65,2,5.99,KZ,2021-04-02 20:38:25
650,Jamestown,42.097,-79.2353,35.01,34,1,13.8,US,2021-04-02 20:35:36
651,Samarai,-10.6167,150.6667,80.76,78,100,4.12,PG,2021-04-02 20:36:47
652,Mataura,-46.1927,168.8643,45.0,86,80,5.01,NZ,2021-04-02 20:35:57
653,Ponta Do Sol,32.6667,-17.1,62.6,67,40,8.05,PT,2021-04-02 20:32:57
654,Ushuaia,-54.8,-68.3,51.8,62,40,16.11,AR,2021-04-02 20:33:49
655,Mahebourg,-20.4081,57.7,75.2,100,40,6.91,MU,2021-04-02 20:35:01
656,East London,-33.0153,27.9116,63.43,82,99,15.37,ZA,2021-04-02 20:36:43
657,Jamestown,42.097,-79.2353,35.01,34,1,13.8,US,2021-04-02 20:35:36
658,Hobart,-42.8794,147.3294,63.0,67,0,5.75,AU,2021-04-02 20:33:52
659,Payo,-3.7508,103.6372,73.22,98,100,2.42,ID,2021-04-02 20:37:03
660,Lorengau,-2.0226,147.2712,81.32,78,98,5.93,PG,2021-04-02 20:38:26
661,Chokurdakh,70.6333,147.9167,-20.97,100,97,3.15,RU,2021-04-02 20:37:14
662,Rikitea,-23.1203,-134.9692,77.05,78,99,11.48,PF,2021-04-02 20:35:58
663,Norman Wells,65.282,-126.8329,3.2,72,75,4.61,CA,2021-04-02 20:38:27
664,Padang,-0.9492,100.3543,78.8,69,90,5.75,ID,2021-04-02 20:32:04
665,Mataura,-46.1927,168.8643,45.0,86,80,5.01,NZ,2021-04-02 20:35:57
666,Matara,5.9485,80.5353,78.84,90,48,9.55,LK,2021-04-02 20:38:27
667,Castro,-24.7911,-50.0119,63.36,74,6,5.1,BR,2021-04-02 20:36:26
668,Ponta Do Sol,32.6667,-17.1,62.6,67,40,8.05,PT,2021-04-02 20:32:57
669,Nikolskoye,59.7035,30.7861,35.01,93,0,2.24,RU,2021-04-02 20:36:46
670,Busselton,-33.65,115.3333,63.0,84,100,1.99,AU,2021-04-02 20:33:12
671,Adrar,20.5022,-10.0711,87.26,6,90,8.48,MR,2021-04-02 20:38:28
672,Gunjur,13.2019,-16.7339,77.0,57,0,13.4,GM,2021-04-02 20:38:28
673,Severo-Kurilsk,50.6789,156.125,29.59,80,31,16.69,RU,2021-04-02 20:37:52
674,Hithadhoo,-0.6,73.0833,83.64,75,85,19.69,MV,2021-04-02 20:37:41
675,Chunskiy,56.0815,99.6342,31.69,75,100,10.36,RU,2021-04-02 20:38:28
676,Kodiak,57.79,-152.4072,37.4,25,75,10.36,US,2021-04-02 20:38:29
677,Punta Arenas,-53.15,-70.9167,51.8,62,0,10.36,CL,2021-04-02 20:36:25
678,Jiaojiang,28.6803,121.4428,70.0,99,100,0.98,CN,2021-04-02 20:38:29
679,Vaini,-21.2,-175.2,80.6,89,75,3.44,TO,2021-04-02 20:36:44
680,Linxia,35.6003,103.2064,35.2,99,100,2.66,CN,2021-04-02 20:38:30
681,Saint-Philippe,-21.3585,55.7679,75.2,94,75,16.11,RE,2021-04-02 20:37:11
682,Chumikan,54.7183,135.315,27.93,96,100,23.55,RU,2021-04-02 20:38:30
683,Ushuaia,-54.8,-68.3,51.8,62,40,16.11,AR,2021-04-02 20:33:49
684,Adre,13.4667,22.2,79.5,11,1,20.87,TD,2021-04-02 20:38:30
685,Kruisfontein,-34.0033,24.7314,55.99,93,0,7.45,ZA,2021-04-02 20:36:35
686,Cape Town,-33.9258,18.4232,64.4,63,0,8.05,ZA,2021-04-02 20:36:48
687,Coolum Beach,-26.5333,153.1,73.0,81,97,1.99,AU,2021-04-02 20:38:31
688,Beringovskiy,63.05,179.3167,8.17,86,98,13.6,RU,2021-04-02 20:38:31
689,Talnakh,69.4865,88.3972,-17.3,86,19,6.13,RU,2021-04-02 20:37:16
690,Punta Arenas,-53.15,-70.9167,51.8,62,0,10.36,CL,2021-04-02 20:36:25
691,Faanui,-16.4833,-151.75,81.45,70,0,2.17,PF,2021-04-02 20:38:05
692,Songea,-10.6833,35.65,69.8,83,1,4.61,TZ,2021-04-02 20:38:32
693,Mayo,38.8876,-76.5119,46.0,36,75,12.66,US,2021-04-02 20:38:32
694,Somerset East,-32.7217,25.588,53.98,88,100,6.67,ZA,2021-04-02 20:38:33
695,Padang,-0.9492,100.3543,78.8,69,90,5.75,ID,2021-04-02 20:32:04
696,Barranca,-10.75,-77.7667,72.61,74,38,9.98,PE,2021-04-02 20:38:33
697,La Ronge,55.1001,-105.2842,41.0,45,95,14.97,CA,2021-04-02 20:38:33
698,Port Elizabeth,-33.918,25.5701,60.8,82,20,11.5,ZA,2021-04-02 20:37:14
699,Deputatskiy,69.3,139.9,-14.87,99,100,1.66,RU,2021-04-02 20:38:21
700,Mataura,-46.1927,168.8643,45.0,86,80,5.01,NZ,2021-04-02 20:35:57
701,Krasnoselkup,65.7,82.4667,14.31,95,100,8.39,RU,2021-04-02 20:38:34
702,Pevek,69.7008,170.3133,-14.75,93,9,1.68,RU,2021-04-02 20:38:03
703,Conakry,9.538,-13.6773,82.4,78,21,11.5,GN,2021-04-02 20:38:34
704,Galle,6.0367,80.217,80.92,83,67,9.86,LK,2021-04-02 20:38:35
705,Kruisfontein,-34.0033,24.7314,55.99,93,0,7.45,ZA,2021-04-02 20:36:35
706,Tiksi,71.6872,128.8694,-18.06,100,100,7.09,RU,2021-04-02 20:36:45
707,Cherskiy,68.75,161.3,-5.33,80,100,6.15,RU,2021-04-02 20:36:56
708,Terrace,54.5163,-128.6035,37.4,93,90,5.75,CA,2021-04-02 20:35:23
709,Port Elizabeth,-33.918,25.5701,60.8,82,20,11.5,ZA,2021-04-02 20:37:14
710,Cape Town,-33.9258,18.4232,64.4,63,0,8.05,ZA,2021-04-02 20:36:48
711,Matamoros,25.5333,-103.25,86.0,28,75,4.56,MX,2021-04-02 20:36:11
712,Baghdad,33.3406,44.4009,64.4,36,0,2.3,IQ,2021-04-02 20:33:40
713,Saskylakh,71.9167,114.0833,-38.42,100,60,2.77,RU,2021-04-02 20:36:58
714,Road Town,18.4167,-64.6167,82.4,65,40,13.8,VG,2021-04-02 20:36:40
715,Sitka,57.0531,-135.33,35.6,87,90,3.44,US,2021-04-02 20:38:36
716,Diamantino,-14.4086,-56.4461,83.05,72,85,3.89,BR,2021-04-02 20:38:36
717,Barrow,71.2906,-156.7887,-18.4,76,20,4.61,US,2021-04-02 20:36:32
718,Bredasdorp,-34.5322,20.0403,50.0,93,32,5.75,ZA,2021-04-02 20:31:49
719,Mataura,-46.1927,168.8643,45.0,86,80,5.01,NZ,2021-04-02 20:35:57
720,Nipawin,53.3668,-104.0009,44.6,31,1,14.97,CA,2021-04-02 20:38:37
721,Uruzgan,32.8333,66.0,58.1,30,26,2.3,AF,2021-04-02 20:38:37
722,Mabaruma,8.2,-59.7833,80.26,68,90,7.65,GY,2021-04-02 20:38:38
723,Ushuaia,-54.8,-68.3,51.8,62,40,16.11,AR,2021-04-02 20:33:49
724,Constitucion,-35.3333,-72.4167,64.0,68,22,15.32,CL,2021-04-02 20:34:55
725,Maryville,35.7565,-83.9705,52.0,27,1,5.75,US,2021-04-02 20:38:38
726,Oskemen,49.9565,82.6119,23.0,74,7,4.47,KZ,2021-04-02 20:38:39
727,Rikitea,-23.1203,-134.9692,77.05,78,99,11.48,PF,2021-04-02 20:35:58
728,Tokmak,47.2514,35.7058,45.61,80,100,9.1,UA,2021-04-02 20:38:39
729,Maridi,4.9158,29.4742,69.94,84,99,3.8,SS,2021-04-02 20:38:39
730,Lumphat,13.4878,106.9816,76.21,87,54,1.57,KH,2021-04-02 20:38:40
731,Hamilton,39.1834,-84.5333,48.99,29,1,5.75,US,2021-04-02 20:34:31
732,Saldanha,-33.0117,17.9442,62.6,67,19,5.75,ZA,2021-04-02 20:36:36
733,Tasiilaq,65.6145,-37.6368,30.2,86,75,9.22,GL,2021-04-02 20:37:34
734,Bengkulu,-3.8004,102.2655,75.79,89,81,10.56,ID,2021-04-02 20:36:31
735,Pitimbu,-7.4706,-34.8086,82.4,74,0,11.5,BR,2021-04-02 20:37:24
736,Torbay,47.6666,-52.7314,42.01,93,75,13.8,CA,2021-04-02 20:35:29
737,Castro,-24.7911,-50.0119,63.36,74,6,5.1,BR,2021-04-02 20:36:26
738,Isiro,2.7739,27.616,66.07,98,91,1.59,CD,2021-04-02 20:38:41
739,Theunissen,-28.411,26.7011,64.09,42,73,5.06,ZA,2021-04-02 20:38:41
740,Mataura,-46.1927,168.8643,45.0,86,80,5.01,NZ,2021-04-02 20:35:57
741,Ushuaia,-54.8,-68.3,51.8,62,40,16.11,AR,2021-04-02 20:33:49
742,Vysokogornyy,50.1167,139.15,35.8,98,100,6.4,RU,2021-04-02 20:38:42
743,Nagorsk,59.3172,50.8078,31.44,99,100,4.0,RU,2021-04-02 20:38:42
744,Hermanus,-34.4187,19.2345,61.0,77,49,4.0,ZA,2021-04-02 20:34:02
745,Yellowknife,62.456,-114.3525,9.0,78,90,9.22,CA,2021-04-02 20:36:24
746,Chicama,-7.8447,-79.1469,71.6,78,75,11.5,PE,2021-04-02 20:37:45
747,Punta Arenas,-53.15,-70.9167,51.8,62,0,10.36,CL,2021-04-02 20:36:25
748,Saldanha,-33.0117,17.9442,62.6,67,19,5.75,ZA,2021-04-02 20:36:36
749,Okhotsk,59.3833,143.3,11.79,89,100,5.37,RU,2021-04-02 20:38:43
750,Pochutla,15.7432,-96.4661,96.01,36,1,11.5,MX,2021-04-02 20:38:43
751,Vaini,-21.2,-175.2,80.6,89,75,3.44,TO,2021-04-02 20:36:44
752,Ushuaia,-54.8,-68.3,51.8,62,40,16.11,AR,2021-04-02 20:33:49
753,Kapaa,22.0752,-159.319,78.8,61,40,13.8,US,2021-04-02 20:36:50
754,Hermanus,-34.4187,19.2345,61.0,77,49,4.0,ZA,2021-04-02 20:34:02
755,Iqaluit,63.7506,-68.5145,-5.01,65,1,2.3,CA,2021-04-02 20:33:06
756,Berdigestyakh,62.0989,126.6992,-24.25,100,95,3.44,RU,2021-04-02 20:38:44
757,Vestmannaeyjar,63.4427,-20.2734,43.77,74,100,12.68,IS,2021-04-02 20:38:44
758,Gat,31.61,34.7642,57.0,100,12,6.29,IL,2021-04-02 20:38:45
759,Homer,59.6425,-151.5483,28.4,69,1,6.87,US,2021-04-02 20:38:45
760,Punta Arenas,-53.15,-70.9167,51.8,62,0,10.36,CL,2021-04-02 20:36:25
761,Ola,59.5833,151.2833,4.55,80,11,6.58,RU,2021-04-02 20:38:45
762,Port Elizabeth,-33.918,25.5701,60.8,82,20,11.5,ZA,2021-04-02 20:37:14
763,Nikolskoye,59.7035,30.7861,35.01,93,0,2.24,RU,2021-04-02 20:36:46
764,Pisco,-13.7,-76.2167,77.0,61,0,8.05,PE,2021-04-02 20:36:30
765,Chuy,-33.6971,-53.4616,67.17,69,10,7.87,UY,2021-04-02 20:36:47
766,East London,-33.0153,27.9116,63.43,82,99,15.37,ZA,2021-04-02 20:36:43
767,La Rioja,42.25,-2.5,55.4,71,0,6.91,ES,2021-04-02 20:38:46
768,Sao Lourenco Do Sul,-31.3653,-51.9783,73.4,64,20,9.22,BR,2021-04-02 20:38:47
769,Port Alfred,-33.5906,26.891,61.86,82,30,12.55,ZA,2021-04-02 20:36:28
770,Dikson,73.5069,80.5464,-17.12,84,96,4.81,RU,2021-04-02 20:33:07
771,Hobart,-42.8794,147.3294,63.0,67,0,5.75,AU,2021-04-02 20:33:52
772,Ponta Do Sol,32.6667,-17.1,62.6,67,40,8.05,PT,2021-04-02 20:32:57
773,Arraial Do Cabo,-22.9661,-42.0278,78.8,69,20,17.27,BR,2021-04-02 20:36:59
774,Atuona,-9.8,-139.0333,80.51,80,23,13.47,PF,2021-04-02 20:36:50
775,Bengkulu,-3.8004,102.2655,75.79,89,81,10.56,ID,2021-04-02 20:36:31
776,Hasaki,35.7333,140.8333,51.8,82,40,1.14,JP,2021-04-02 20:37:30
777,Cape Town,-33.9258,18.4232,64.4,63,0,8.05,ZA,2021-04-02 20:36:48
778,Saskylakh,71.9167,114.0833,-38.42,100,60,2.77,RU,2021-04-02 20:36:58
779,Cape Town,-33.9258,18.4232,64.4,63,0,8.05,ZA,2021-04-02 20:36:48
780,Tougue,11.4667,-11.6,80.83,11,13,3.51,GN,2021-04-02 20:38:48
781,Jamestown,42.097,-79.2353,35.01,34,1,13.8,US,2021-04-02 20:35:36
782,Koundara,12.4833,-13.3,91.53,14,9,4.9,GN,2021-04-02 20:38:48
783,Talnakh,69.4865,88.3972,-17.3,86,19,6.13,RU,2021-04-02 20:37:16
784,Carnarvon,-24.8667,113.6333,77.0,94,40,8.05,AU,2021-04-02 20:36:53
785,Avarua,-21.2078,-159.775,82.4,74,20,16.11,CK,2021-04-02 20:30:14
786,Llanes,43.4198,-4.7549,57.0,95,19,4.0,ES,2021-04-02 20:38:49
787,Bay Roberts,47.5999,-53.2648,50.0,93,75,13.8,CA,2021-04-02 20:38:49
788,Avarua,-21.2078,-159.775,82.4,74,20,16.11,CK,2021-04-02 20:30:14
789,Carbonia,39.1672,8.5222,61.0,94,20,10.36,IT,2021-04-02 20:38:50
790,Menongue,-14.6585,17.691,63.9,92,100,4.16,AO,2021-04-02 20:37:33
791,Cape Town,-33.9258,18.4232,64.4,63,0,8.05,ZA,2021-04-02 20:36:48
792,Mar Del Plata,-38.0023,-57.5575,68.0,83,40,10.36,AR,2021-04-02 20:31:46
793,Laguna,38.421,-121.4238,82.0,15,1,4.61,US,2021-04-02 20:38:50
794,Maua,-23.6678,-46.4614,70.0,64,0,12.66,BR,2021-04-02 20:38:51
795,Namatanai,-3.6667,152.4333,81.79,78,100,6.08,PG,2021-04-02 20:38:30
796,Victor Harbor,-35.5667,138.6167,75.99,41,0,6.91,AU,2021-04-02 20:38:51
797,Vidisha,23.5333,77.8167,79.02,10,0,4.99,IN,2021-04-02 20:38:51
798,Tasiilaq,65.6145,-37.6368,30.2,86,75,9.22,GL,2021-04-02 20:37:34
799,Daru,-9.0763,143.2092,75.79,94,97,8.66,PG,2021-04-02 20:38:52
800,Ilulissat,69.2167,-51.1,10.4,56,75,5.75,GL,2021-04-02 20:38:52
801,Punta Arenas,-53.15,-70.9167,51.8,62,0,10.36,CL,2021-04-02 20:36:25
802,Vitoria Da Conquista,-14.8661,-40.8394,70.81,77,100,3.85,BR,2021-04-02 20:38:52
803,Albany,42.6001,-73.9662,37.0,31,100,1.99,US,2021-04-02 20:35:15
804,Port Elizabeth,-33.918,25.5701,60.8,82,20,11.5,ZA,2021-04-02 20:37:14
805,Port Alfred,-33.5906,26.891,61.86,82,30,12.55,ZA,2021-04-02 20:36:28
806,Cidreira,-30.1811,-50.2056,68.86,83,95,12.44,BR,2021-04-02 20:32:47
807,Praia Da Vitoria,38.7333,-27.0667,60.8,94,75,23.44,PT,2021-04-02 20:38:53
808,Kanniyakumari,8.0833,77.5667,81.03,79,22,19.6,IN,2021-04-02 20:38:54
809,Biak,-0.9131,122.8766,77.9,75,100,1.7,ID,2021-04-02 20:37:48
810,Hithadhoo,-0.6,73.0833,83.64,75,85,19.69,MV,2021-04-02 20:37:41
811,Punta Arenas,-53.15,-70.9167,51.8,62,0,10.36,CL,2021-04-02 20:36:25
812,Morant Bay,17.8815,-76.4093,79.0,83,75,16.11,JM,2021-04-02 20:38:54
813,Lompoc,34.6391,-120.4579,64.99,67,33,12.66,US,2021-04-02 20:37:25
814,Busselton,-33.65,115.3333,63.0,84,100,1.99,AU,2021-04-02 20:33:12
815,Klaksvik,62.2266,-6.589,42.8,87,90,17.27,FO,2021-04-02 20:37:08
816,Chicama,-7.8447,-79.1469,71.6,78,75,11.5,PE,2021-04-02 20:37:45
817,Pedernales,18.0384,-71.744,82.96,61,23,8.08,DO,2021-04-02 20:38:55
818,Thompson,55.7435,-97.8558,46.4,39,20,12.66,CA,2021-04-02 20:33:38
819,East London,-33.0153,27.9116,63.43,82,99,15.37,ZA,2021-04-02 20:36:43
820,Cape Town,-33.9258,18.4232,64.4,63,0,8.05,ZA,2021-04-02 20:36:48
821,Chuy,-33.6971,-53.4616,67.17,69,10,7.87,UY,2021-04-02 20:36:47
822,Saint Anthony,45.0205,-93.218,61.0,20,1,28.77,US,2021-04-02 20:38:56
823,Kapaa,22.0752,-159.319,78.8,61,40,13.8,US,2021-04-02 20:36:50
824,Dikson,73.5069,80.5464,-17.12,84,96,4.81,RU,2021-04-02 20:33:07
825,Bluff,-46.6,168.3333,45.0,86,90,5.01,NZ,2021-04-02 20:36:38
826,Avarua,-21.2078,-159.775,82.4,74,20,16.11,CK,2021-04-02 20:30:14
827,Rikitea,-23.1203,-134.9692,77.05,78,99,11.48,PF,2021-04-02 20:35:58
828,Mataura,-46.1927,168.8643,45.0,86,80,5.01,NZ,2021-04-02 20:35:57
829,Bredasdorp,-34.5322,20.0403,50.0,93,32,5.75,ZA,2021-04-02 20:31:49
830,Butaritari,3.0707,172.7902,81.63,81,35,16.78,KI,2021-04-02 20:36:36
831,Busselton,-33.65,115.3333,63.0,84,100,1.99,AU,2021-04-02 20:33:12
832,Makat,47.6469,53.3463,49.3,46,100,23.62,KZ,2021-04-02 20:38:57
833,Baker City,44.7749,-117.8344,71.6,18,1,10.36,US,2021-04-02 20:35:06
834,Rikitea,-23.1203,-134.9692,77.05,78,99,11.48,PF,2021-04-02 20:35:58
835,Ushuaia,-54.8,-68.3,51.8,62,40,16.11,AR,2021-04-02 20:33:49
836,Geraldton,-28.7667,114.6,71.6,88,40,12.66,AU,2021-04-02 20:37:26
837,Taoudenni,22.6783,-3.9836,92.59,7,62,6.96,ML,2021-04-02 20:38:58
838,Charters Towers,-20.1,146.2667,64.65,84,0,11.88,AU,2021-04-02 20:38:58
839,Atuona,-9.8,-139.0333,80.51,80,23,13.47,PF,2021-04-02 20:36:50
840,Pisco,-13.7,-76.2167,77.0,61,0,8.05,PE,2021-04-02 20:36:30
841,Port Alfred,-33.5906,26.891,61.86,82,30,12.55,ZA,2021-04-02 20:36:28
842,Vaini,-21.2,-175.2,80.6,89,75,3.44,TO,2021-04-02 20:36:44
843,Kapaa,22.0752,-159.319,78.8,61,40,13.8,US,2021-04-02 20:36:50
844,Torbay,47.6666,-52.7314,42.01,93,75,13.8,CA,2021-04-02 20:35:29
845,Mahebourg,-20.4081,57.7,75.2,100,40,6.91,MU,2021-04-02 20:35:01
846,Xinyang,32.1228,114.0656,47.7,92,95,9.4,CN,2021-04-02 20:38:16
847,Bilibino,68.0546,166.4372,-3.6,85,100,6.69,RU,2021-04-02 20:38:59
848,Ushuaia,-54.8,-68.3,51.8,62,40,16.11,AR,2021-04-02 20:33:49
849,Filingue,14.3521,3.3168,82.92,7,0,9.8,NE,2021-04-02 20:38:59
850,Airai,-8.9266,125.4092,60.75,97,100,3.09,TL,2021-04-02 20:39:00
851,Seinajoki,62.7945,22.8282,35.6,80,0,5.75,FI,2021-04-02 20:39:00
852,Mataura,-46.1927,168.8643,45.0,86,80,5.01,NZ,2021-04-02 20:35:57
853,Huarmey,-10.0681,-78.1522,74.07,75,86,10.18,PE,2021-04-02 20:37:54
854,Busselton,-33.65,115.3333,63.0,84,100,1.99,AU,2021-04-02 20:33:12
855,Ambo,-10.1308,-76.2047,71.94,61,95,8.37,PE,2021-04-02 20:39:01
856,Road Town,18.4167,-64.6167,82.4,65,40,13.8,VG,2021-04-02 20:36:40
857,Ushuaia,-54.8,-68.3,51.8,62,40,16.11,AR,2021-04-02 20:33:49
858,Khani,41.9563,42.9566,48.2,87,75,3.44,GE,2021-04-02 20:39:01
859,San Patricio,28.017,-97.5169,73.4,40,40,16.11,US,2021-04-02 20:39:01
860,Bluff,-46.6,168.3333,45.0,86,90,5.01,NZ,2021-04-02 20:36:38
861,Ancud,-41.8697,-73.8203,60.01,82,90,4.61,CL,2021-04-02 20:37:27
862,Okha,53.5739,142.9478,30.06,93,100,19.51,RU,2021-04-02 20:39:02
863,Busselton,-33.65,115.3333,63.0,84,100,1.99,AU,2021-04-02 20:33:12
864,Utete,-7.986,38.758,71.55,96,100,1.88,TZ,2021-04-02 20:39:02
865,Kautokeino,69.0125,23.0412,21.45,92,100,3.22,NO,2021-04-02 20:39:03
866,Arraial Do Cabo,-22.9661,-42.0278,78.8,69,20,17.27,BR,2021-04-02 20:36:59
867,Henties Bay,-22.116,14.2845,64.0,86,3,1.99,NA,2021-04-02 20:36:29
868,Portland,45.5234,-122.6762,61.0,47,75,5.75,US,2021-04-02 20:34:04
869,Rikitea,-23.1203,-134.9692,77.05,78,99,11.48,PF,2021-04-02 20:35:58
870,Pangnirtung,66.1451,-65.7125,-13.0,58,1,3.44,CA,2021-04-02 20:37:25
871,Fortuna,40.5982,-124.1573,60.01,82,1,10.36,US,2021-04-02 20:39:04
872,Saldanha,-33.0117,17.9442,62.6,67,19,5.75,ZA,2021-04-02 20:36:36
873,Ilulissat,69.2167,-51.1,10.4,56,75,5.75,GL,2021-04-02 20:38:52
874,Sinnamary,5.3833,-52.95,75.38,93,100,9.4,GF,2021-04-02 20:39:04
875,Hobart,-42.8794,147.3294,63.0,67,0,5.75,AU,2021-04-02 20:33:52
876,Kjollefjord,70.9457,27.3465,28.69,89,93,4.81,NO,2021-04-02 20:39:05
877,Provideniya,64.3833,-173.3,10.47,90,100,16.96,RU,2021-04-02 20:36:05
878,Morondava,-20.2833,44.2833,77.74,84,34,4.88,MG,2021-04-02 20:39:05
879,Sawakin,19.1059,37.3321,74.93,64,30,13.2,SD,2021-04-02 20:39:05
880,Cabo San Lucas,22.8909,-109.9124,90.0,27,75,4.61,MX,2021-04-02 20:36:47
881,Saint George,37.1041,-113.5841,82.99,12,1,3.44,US,2021-04-02 20:38:19
882,Albany,42.6001,-73.9662,37.0,31,100,1.99,US,2021-04-02 20:35:15
883,Busselton,-33.65,115.3333,63.0,84,100,1.99,AU,2021-04-02 20:33:12
884,Nikolskoye,59.7035,30.7861,35.01,93,0,2.24,RU,2021-04-02 20:36:46
885,Ushuaia,-54.8,-68.3,51.8,62,40,16.11,AR,2021-04-02 20:33:49
886,Harper,4.375,-7.7169,79.57,88,29,8.84,LR,2021-04-02 20:39:06
887,Hobart,-42.8794,147.3294,63.0,67,0,5.75,AU,2021-04-02 20:33:52
888,Lompoc,34.6391,-120.4579,64.99,67,33,12.66,US,2021-04-02 20:37:25
889,Clyde River,70.4692,-68.5914,-5.8,65,1,23.02,CA,2021-04-02 20:36:38
890,Atuona,-9.8,-139.0333,80.51,80,23,13.47,PF,2021-04-02 20:36:50
891,Busselton,-33.65,115.3333,63.0,84,100,1.99,AU,2021-04-02 20:33:12
892,Cilegon,-6.0174,106.0538,75.2,94,75,2.3,ID,2021-04-02 20:39:07
893,Rabo De Peixe,37.8,-25.5833,60.8,88,40,14.97,PT,2021-04-02 20:39:07
894,Arraial Do Cabo,-22.9661,-42.0278,78.8,69,20,17.27,BR,2021-04-02 20:36:59
895,Tuatapere,-46.1333,167.6833,45.0,86,100,5.01,NZ,2021-04-02 20:37:09
896,Mar Del Plata,-38.0023,-57.5575,68.0,83,40,10.36,AR,2021-04-02 20:31:46
897,Huescar,37.811,-2.5412,57.0,50,2,4.61,ES,2021-04-02 20:39:08
898,Manzanillo,20.3433,-77.1167,84.58,52,33,9.89,CU,2021-04-02 20:39:08
899,Oyama,36.3,139.8,62.01,82,75,2.3,JP,2021-04-02 20:39:08
900,Atuona,-9.8,-139.0333,80.51,80,23,13.47,PF,2021-04-02 20:36:50
901,Bilibino,68.0546,166.4372,-3.6,85,100,6.69,RU,2021-04-02 20:38:59
902,Hobart,-42.8794,147.3294,63.0,67,0,5.75,AU,2021-04-02 20:33:52
903,Ushuaia,-54.8,-68.3,51.8,62,40,16.11,AR,2021-04-02 20:33:49
904,Coquimbo,-29.9533,-71.3436,62.6,72,0,13.8,CL,2021-04-02 20:39:09
905,Bengkulu,-3.8004,102.2655,75.79,89,81,10.56,ID,2021-04-02 20:36:31
906,Jamestown,42.097,-79.2353,35.01,34,1,13.8,US,2021-04-02 20:35:36
907,Verkhovazhye,60.7472,42.0465,26.71,97,85,2.39,RU,2021-04-02 20:39:10
908,Harper,4.375,-7.7169,79.57,88,29,8.84,LR,2021-04-02 20:39:06
909,Hirara,24.8,125.2833,75.34,90,1,5.37,JP,2021-04-02 20:39:06
910,Tuktoyaktuk,69.4541,-133.0374,-16.6,69,75,5.75,CA,2021-04-02 20:37:20
911,Mar Del Plata,-38.0023,-57.5575,68.0,83,40,10.36,AR,2021-04-02 20:31:46
912,Hobart,-42.8794,147.3294,63.0,67,0,5.75,AU,2021-04-02 20:33:52
913,Hermanus,-34.4187,19.2345,61.0,77,49,4.0,ZA,2021-04-02 20:34:02
914,Clonakilty,51.6231,-8.8706,44.01,93,20,6.91,IE,2021-04-02 20:39:10
915,Hilo,19.7297,-155.09,77.0,61,20,6.46,US,2021-04-02 20:36:25
916,Ushuaia,-54.8,-68.3,51.8,62,40,16.11,AR,2021-04-02 20:33:49
917,Ilulissat,69.2167,-51.1,10.4,56,75,5.75,GL,2021-04-02 20:38:52
918,Ngunguru,-35.6167,174.5,64.99,86,55,5.99,NZ,2021-04-02 20:39:11
919,Tuktoyaktuk,69.4541,-133.0374,-16.6,69,75,5.75,CA,2021-04-02 20:37:20
920,Padang,-0.9492,100.3543,78.8,69,90,5.75,ID,2021-04-02 20:32:04
921,Ushuaia,-54.8,-68.3,51.8,62,40,16.11,AR,2021-04-02 20:33:49
922,Chokurdakh,70.6333,147.9167,-20.97,100,97,3.15,RU,2021-04-02 20:37:14
923,Bandarbeyla,9.4942,50.8122,77.74,76,7,3.51,SO,2021-04-02 20:39:12
924,Sao Filipe,14.8961,-24.4956,73.44,70,9,9.91,CV,2021-04-02 20:36:39
925,Anadyr,64.75,177.4833,6.8,85,75,33.55,RU,2021-04-02 20:38:25
926,Ribeira Grande,38.5167,-28.7,60.8,82,75,17.27,PT,2021-04-02 20:36:54
927,Khani,41.9563,42.9566,48.2,87,75,3.44,GE,2021-04-02 20:39:01
928,Mackenzie,55.2999,-123.1698,35.6,64,75,5.75,CA,2021-04-02 20:39:13
929,Hilo,19.7297,-155.09,77.0,61,20,6.46,US,2021-04-02 20:36:25
930,New Norfolk,-42.7826,147.0587,63.0,37,0,5.99,AU,2021-04-02 20:37:39
931,Cabo San Lucas,22.8909,-109.9124,90.0,27,75,4.61,MX,2021-04-02 20:36:47
932,Ust-Barguzin,53.45,108.9833,15.55,94,55,3.47,RU,2021-04-02 20:39:13
933,Ushuaia,-54.8,-68.3,51.8,62,40,16.11,AR,2021-04-02 20:33:49
934,Cayenne,4.9333,-52.3333,78.8,89,0,9.22,GF,2021-04-02 20:37:26
935,Talnakh,69.4865,88.3972,-17.3,86,19,6.13,RU,2021-04-02 20:37:16
936,Enshi,30.3,109.4833,56.66,97,100,0.16,CN,2021-04-02 20:39:14
937,Yar-Sale,66.8333,70.8333,29.61,97,100,5.91,RU,2021-04-02 20:39:14
938,Mindelo,16.8901,-24.9804,71.6,73,75,34.52,CV,2021-04-02 20:39:15
939,Katsuura,35.1333,140.3,57.2,72,20,3.44,JP,2021-04-02 20:38:08
940,Rikitea,-23.1203,-134.9692,77.05,78,99,11.48,PF,2021-04-02 20:35:58
941,Bluff,-46.6,168.3333,45.0,86,90,5.01,NZ,2021-04-02 20:36:38
942,San Patricio,28.017,-97.5169,73.4,40,40,16.11,US,2021-04-02 20:39:01
943,Vaini,-21.2,-175.2,80.6,89,75,3.44,TO,2021-04-02 20:36:44
944,Namatanai,-3.6667,152.4333,81.79,78,100,6.08,PG,2021-04-02 20:38:30
945,Pevek,69.7008,170.3133,-14.75,93,9,1.68,RU,2021-04-02 20:38:03
946,Nesterov,54.6306,22.5714,33.93,93,99,5.53,RU,2021-04-02 20:39:16
947,Sydney Mines,46.2367,-60.2177,48.99,100,90,14.97,CA,2021-04-02 20:39:16
948,Dingle,10.9995,122.6711,74.73,91,91,7.07,PH,2021-04-02 20:39:16
949,Warri,5.5167,5.75,80.38,80,16,5.12,NG,2021-04-02 20:39:17
950,Vaini,-21.2,-175.2,80.6,89,75,3.44,TO,2021-04-02 20:36:44
951,Hilo,19.7297,-155.09,77.0,61,20,6.46,US,2021-04-02 20:36:25
952,Narsaq,60.9167,-46.05,41.0,65,90,3.44,GL,2021-04-02 20:39:17
953,Roma,43.2128,-75.4557,36.0,32,20,19.57,US,2021-04-02 20:39:18
954,Svetlogorsk,52.6333,29.7333,36.64,69,87,5.5,BY,2021-04-02 20:39:18
955,Bundaberg,-24.85,152.35,71.01,83,40,8.05,AU,2021-04-02 20:39:18
956,Saint-Philippe,-21.3585,55.7679,75.2,94,75,16.11,RE,2021-04-02 20:37:11
957,Vardo,70.3705,31.1107,31.86,73,98,7.36,NO,2021-04-02 20:37:15
958,Acarau,-2.8856,-40.12,80.83,79,5,14.0,BR,2021-04-02 20:39:06
959,Busselton,-33.65,115.3333,63.0,84,100,1.99,AU,2021-04-02 20:33:12
960,Talcahuano,-36.7167,-73.1167,64.4,68,0,16.11,CL,2021-04-02 20:39:19
961,Omboue,-1.5746,9.2618,78.98,88,89,6.38,GA,2021-04-02 20:35:29
962,Ponneri,13.3167,80.2,84.2,79,20,9.22,IN,2021-04-02 20:39:19
963,Hamilton,39.1834,-84.5333,48.99,29,1,5.75,US,2021-04-02 20:34:31
964,Hasaki,35.7333,140.8333,51.8,82,40,1.14,JP,2021-04-02 20:37:30
965,Bonavista,48.6499,-53.1147,55.4,54,98,5.75,CA,2021-04-02 20:39:20
966,Punta Arenas,-53.15,-70.9167,51.8,62,0,10.36,CL,2021-04-02 20:36:25
967,Atuona,-9.8,-139.0333,80.51,80,23,13.47,PF,2021-04-02 20:36:50
968,San Quintin,30.4833,-115.95,66.96,58,0,11.7,MX,2021-04-02 20:39:21
969,Kavieng,-2.5744,150.7967,83.19,77,99,8.7,PG,2021-04-02 20:37:38
970,Chokurdakh,70.6333,147.9167,-20.97,100,97,3.15,RU,2021-04-02 20:37:14
971,College,64.8569,-147.8028,8.01,66,75,2.66,US,2021-04-02 20:36:54
972,Rikitea,-23.1203,-134.9692,77.05,78,99,11.48,PF,2021-04-02 20:35:58
973,Saurimo,-9.6608,20.3916,64.38,94,21,3.13,AO,2021-04-02 20:39:21
974,Mareeba,-17.0,145.4333,75.2,78,40,12.66,AU,2021-04-02 20:39:22
975,Port Macquarie,-31.4333,152.9167,61.0,99,99,1.99,AU,2021-04-02 20:39:22
976,Rikitea,-23.1203,-134.9692,77.05,78,99,11.48,PF,2021-04-02 20:35:58
977,Praia Da Vitoria,38.7333,-27.0667,60.8,94,75,23.44,PT,2021-04-02 20:38:53
978,America Dourada,-11.4553,-41.4361,79.52,53,98,1.19,BR,2021-04-02 20:39:22
979,Hasaki,35.7333,140.8333,51.8,82,40,1.14,JP,2021-04-02 20:37:30
980,Busselton,-33.65,115.3333,63.0,84,100,1.99,AU,2021-04-02 20:33:12
981,Barvinkove,48.9097,37.0205,49.05,69,92,13.42,UA,2021-04-02 20:39:23
982,Mahebourg,-20.4081,57.7,75.2,100,40,6.91,MU,2021-04-02 20:35:01
983,Georgetown,5.4112,100.3354,84.2,89,20,2.3,MY,2021-04-02 20:36:06
984,Shimoda,34.6667,138.95,51.01,87,52,11.95,JP,2021-04-02 20:39:24
985,Rundu,-17.9333,19.7667,68.67,54,75,4.81,NA,2021-04-02 20:39:24
986,Provideniya,64.3833,-173.3,10.47,90,100,16.96,RU,2021-04-02 20:36:05
987,Hermanus,-34.4187,19.2345,61.0,77,49,4.0,ZA,2021-04-02 20:34:02
988,Albany,42.6001,-73.9662,37.0,31,100,1.99,US,2021-04-02 20:35:15
989,Hobart,-42.8794,147.3294,63.0,67,0,5.75,AU,2021-04-02 20:33:52
990,Cape Town,-33.9258,18.4232,64.4,63,0,8.05,ZA,2021-04-02 20:36:48
991,Thompson,55.7435,-97.8558,46.4,39,20,12.66,CA,2021-04-02 20:33:38
992,Baoding,38.8511,115.4903,50.58,79,100,3.71,CN,2021-04-02 20:39:25
993,Kirovskiy,45.0917,133.5136,42.49,73,100,8.72,RU,2021-04-02 20:36:37
994,Hilo,19.7297,-155.09,77.0,61,20,6.46,US,2021-04-02 20:36:25
995,Okhotsk,59.3833,143.3,11.79,89,100,5.37,RU,2021-04-02 20:38:43
996,Sitka,57.0531,-135.33,35.6,87,90,3.44,US,2021-04-02 20:38:36
997,Lagoa,39.05,-27.9833,60.62,81,100,25.21,PT,2021-04-02 20:36:28
998,Tuatapere,-46.1333,167.6833,45.0,86,100,5.01,NZ,2021-04-02 20:37:09
999,Seoul,37.5683,126.9778,64.4,63,90,3.44,KR,2021-04-02 20:39:26
1000,Hambantota,6.1241,81.1185,79.56,86,40,14.83,LK,2021-04-02 20:36:56
1001,San Patricio,28.017,-97.5169,73.4,40,40,16.11,US,2021-04-02 20:39:01
1002,Albany,42.6001,-73.9662,37.0,31,100,1.99,US,2021-04-02 20:35:15
1003,Rikitea,-23.1203,-134.9692,77.05,78,99,11.48,PF,2021-04-02 20:35:58
1004,Rikitea,-23.1203,-134.9692,77.05,78,99,11.48,PF,2021-04-02 20:35:58
1005,Punta Arenas,-53.15,-70.9167,51.8,62,0,10.36,CL,2021-04-02 20:36:25
1006,Ushuaia,-54.8,-68.3,51.8,62,40,16.11,AR,2021-04-02 20:33:49
1007,Necochea,-38.5473,-58.7368,73.99,54,99,7.0,AR,2021-04-02 20:39:27
1008,Emerald,-23.5333,148.1667,66.2,72,0,12.66,AU,2021-04-02 20:39:27
1009,Pandan,14.0453,124.1694,78.17,79,34,6.02,PH,2021-04-02 20:39:27
1010,Busselton,-33.65,115.3333,63.0,84,100,1.99,AU,2021-04-02 20:33:12
1011,Sovetskiy,61.3614,63.5842,25.47,95,14,4.72,RU,2021-04-02 20:39:28
1012,Barrow,71.2906,-156.7887,-18.4,76,20,4.61,US,2021-04-02 20:36:32
1013,Atar,20.5169,-13.0499,91.36,6,100,3.31,MR,2021-04-02 20:36:50
1014,Athens,37.9795,23.7162,60.01,72,0,8.05,GR,2021-04-02 20:36:54
1015,Libertador General San Martin,-23.8064,-64.7876,73.99,76,96,1.99,AR,2021-04-02 20:39:28
1016,Hermanus,-34.4187,19.2345,61.0,77,49,4.0,ZA,2021-04-02 20:34:02
1017,Bagdarin,54.4333,113.6,12.72,85,26,4.29,RU,2021-04-02 20:39:29
1018,Busselton,-33.65,115.3333,63.0,84,100,1.99,AU,2021-04-02 20:33:12
1019,Saint George,37.1041,-113.5841,82.99,12,1,3.44,US,2021-04-02 20:38:19
1020,Myitkyina,25.3833,97.4,64.04,57,0,2.53,MM,2021-04-02 20:39:29
1021,Pisco,-13.7,-76.2167,77.0,61,0,8.05,PE,2021-04-02 20:36:30
1022,Bethel,41.3712,-73.414,33.01,46,100,3.0,US,2021-04-02 20:36:31
1023,Kathu,7.9178,98.3332,84.99,94,75,8.93,TH,2021-04-02 20:39:30
1024,Hermanus,-34.4187,19.2345,61.0,77,49,4.0,ZA,2021-04-02 20:34:02
1025,Antofagasta,-23.65,-70.4,71.01,68,0,13.8,CL,2021-04-02 20:35:53
1026,Port Alfred,-33.5906,26.891,61.86,82,30,12.55,ZA,2021-04-02 20:36:28
1027,Rikitea,-23.1203,-134.9692,77.05,78,99,11.48,PF,2021-04-02 20:35:58
1028,Ribeira Grande,38.5167,-28.7,60.8,82,75,17.27,PT,2021-04-02 20:36:54
1029,Atuona,-9.8,-139.0333,80.51,80,23,13.47,PF,2021-04-02 20:36:50
1030,Albany,42.6001,-73.9662,37.0,31,100,1.99,US,2021-04-02 20:35:15
1031,Vredendal,-31.6683,18.5012,61.79,74,7,3.0,ZA,2021-04-02 20:39:31
1032,Tasiilaq,65.6145,-37.6368,30.2,86,75,9.22,GL,2021-04-02 20:37:34
1033,Upernavik,72.7868,-56.1549,-11.76,94,100,12.21,GL,2021-04-02 20:37:04
1034,Bathsheba,13.2167,-59.5167,84.2,51,20,17.27,BB,2021-04-02 20:39:32
1035,Caraballeda,10.6112,-66.8522,82.13,76,33,11.86,VE,2021-04-02 20:39:32
1036,Puerto Ayora,-0.7393,-90.3518,82.4,78,40,8.05,EC,2021-04-02 20:36:30
1037,Alekseyevsk,57.8406,108.3492,28.94,96,100,10.0,RU,2021-04-02 20:39:32
1038,Nishihara,26.1842,127.7558,71.6,100,75,5.17,JP,2021-04-02 20:39:33
1039,Saint George,37.1041,-113.5841,82.99,12,1,3.44,US,2021-04-02 20:38:19
1040,Yulara,-25.2406,130.9889,66.2,45,0,6.91,AU,2021-04-02 20:37:14
1041,Shingu,33.7333,135.9833,59.56,85,63,13.11,JP,2021-04-02 20:35:21
1042,Kushiro,42.975,144.3747,37.67,86,100,9.71,JP,2021-04-02 20:39:33
1043,Norman Wells,65.282,-126.8329,3.2,72,75,4.61,CA,2021-04-02 20:38:27
1044,Arraial Do Cabo,-22.9661,-42.0278,78.8,69,20,17.27,BR,2021-04-02 20:36:59
1045,Busselton,-33.65,115.3333,63.0,84,100,1.99,AU,2021-04-02 20:33:12
1046,Rikitea,-23.1203,-134.9692,77.05,78,99,11.48,PF,2021-04-02 20:35:58
1047,Albany,42.6001,-73.9662,37.0,31,100,1.99,US,2021-04-02 20:35:15
1048,Provideniya,64.3833,-173.3,10.47,90,100,16.96,RU,2021-04-02 20:36:05
1049,Hobart,-42.8794,147.3294,63.0,67,0,5.75,AU,2021-04-02 20:33:52
1050,Bluff,-46.6,168.3333,45.0,86,90,5.01,NZ,2021-04-02 20:36:38
1051,Kodiak,57.79,-152.4072,37.4,25,75,10.36,US,2021-04-02 20:38:29
1052,Tuktoyaktuk,69.4541,-133.0374,-16.6,69,75,5.75,CA,2021-04-02 20:37:20
1053,Straumen,63.8709,11.2999,37.99,87,75,9.22,NO,2021-04-02 20:39:35
1054,Jamestown,42.097,-79.2353,35.01,34,1,13.8,US,2021-04-02 20:35:36
1055,Dingle,10.9995,122.6711,74.73,91,91,7.07,PH,2021-04-02 20:39:16
1056,Rocha,-34.4833,-54.3333,65.95,77,28,7.78,UY,2021-04-02 20:39:35
1057,Dikson,73.5069,80.5464,-17.12,84,96,4.81,RU,2021-04-02 20:33:07
1058,Bluff,-46.6,168.3333,45.0,86,90,5.01,NZ,2021-04-02 20:36:38
1059,Kapaa,22.0752,-159.319,78.8,61,40,13.8,US,2021-04-02 20:36:50
1060,Portland,45.5234,-122.6762,61.0,47,75,5.75,US,2021-04-02 20:34:04
1061,Porto Novo,6.4965,2.6036,86.0,79,20,12.66,BJ,2021-04-02 20:36:29
1062,Busselton,-33.65,115.3333,63.0,84,100,1.99,AU,2021-04-02 20:33:12
1063,Los Llanos De Aridane,28.6585,-17.9182,66.2,77,20,11.5,ES,2021-04-02 20:34:49
1064,Chokurdakh,70.6333,147.9167,-20.97,100,97,3.15,RU,2021-04-02 20:37:14
1065,Katsuura,35.1333,140.3,57.2,72,20,3.44,JP,2021-04-02 20:38:08
1066,Altay,47.8667,88.1167,24.13,37,0,8.86,CN,2021-04-02 20:39:37
1067,Leningradskiy,69.3833,178.4167,-15.2,98,100,2.53,RU,2021-04-02 20:36:59
1068,Iluppur,10.5135,78.6236,84.2,70,20,4.61,IN,2021-04-02 20:39:37
1069,Mataura,-46.1927,168.8643,45.0,86,80,5.01,NZ,2021-04-02 20:35:57
1070,Madinat Sittah Uktubar,29.8167,31.05,61.0,55,0,6.91,EG,2021-04-02 20:39:38
1071,Ushuaia,-54.8,-68.3,51.8,62,40,16.11,AR,2021-04-02 20:33:49
1072,Rikitea,-23.1203,-134.9692,77.05,78,99,11.48,PF,2021-04-02 20:35:58
1073,Bluff,-46.6,168.3333,45.0,86,90,5.01,NZ,2021-04-02 20:36:38
1074,Piltene,57.2243,21.6744,37.4,93,0,11.5,LV,2021-04-02 20:39:38
1075,San Patricio,28.017,-97.5169,73.4,40,40,16.11,US,2021-04-02 20:39:01
1076,Puerto Ayora,-0.7393,-90.3518,82.4,78,40,8.05,EC,2021-04-02 20:36:30
1077,Argayash,55.4888,60.8767,35.6,69,0,8.95,RU,2021-04-02 20:39:39
1078,Ushuaia,-54.8,-68.3,51.8,62,40,16.11,AR,2021-04-02 20:33:49
1079,Sao Filipe,14.8961,-24.4956,73.44,70,9,9.91,CV,2021-04-02 20:36:39
1080,Biak,-0.9131,122.8766,77.9,75,100,1.7,ID,2021-04-02 20:37:48
1081,New Norfolk,-42.7826,147.0587,63.0,37,0,5.99,AU,2021-04-02 20:37:39
1082,Nikolskoye,59.7035,30.7861,35.01,93,0,2.24,RU,2021-04-02 20:36:46
1083,Port Hardy,50.6996,-127.4199,46.4,71,75,5.75,CA,2021-04-02 20:38:14
1084,Klaksvik,62.2266,-6.589,42.8,87,90,17.27,FO,2021-04-02 20:37:08
1085,Boddam,57.4667,-1.7833,44.01,81,75,9.22,GB,2021-04-02 20:39:40
1086,Ushuaia,-54.8,-68.3,51.8,62,40,16.11,AR,2021-04-02 20:33:49
1087,Port Augusta,-32.5,137.7667,61.0,55,0,4.61,AU,2021-04-02 20:39:40
1088,Tilichiki,60.4667,166.1,4.33,89,79,4.25,RU,2021-04-02 20:38:14
1089,Sur,22.5667,59.5289,83.62,32,61,8.1,OM,2021-04-02 20:37:48
1090,Nanortalik,60.1432,-45.2371,35.98,98,100,2.82,GL,2021-04-02 20:37:31
1091,Navsari,20.9524,72.9324,76.71,76,52,9.01,IN,2021-04-02 20:39:41
1092,Ushuaia,-54.8,-68.3,51.8,62,40,16.11,AR,2021-04-02 20:33:49
1093,Ushuaia,-54.8,-68.3,51.8,62,40,16.11,AR,2021-04-02 20:33:49
1094,Kapaa,22.0752,-159.319,78.8,61,40,13.8,US,2021-04-02 20:36:50
1095,Hilo,19.7297,-155.09,77.0,61,20,6.46,US,2021-04-02 20:36:25
1096,Saskylakh,71.9167,114.0833,-38.42,100,60,2.77,RU,2021-04-02 20:36:58
1097,Isangel,-19.55,169.2667,81.09,81,87,7.05,VU,2021-04-02 20:38:12
1098,Sitka,57.0531,-135.33,35.6,87,90,3.44,US,2021-04-02 20:38:36
1099,Sao Filipe,14.8961,-24.4956,73.44,70,9,9.91,CV,2021-04-02 20:36:39
1100,Motala,58.5371,15.0365,41.0,48,75,9.22,SE,2021-04-02 20:39:42
1101,Hobart,-42.8794,147.3294,63.0,67,0,5.75,AU,2021-04-02 20:33:52
1102,Tazovskiy,67.4667,78.7,11.57,94,100,11.32,RU,2021-04-02 20:39:43
1103,Bredasdorp,-34.5322,20.0403,50.0,93,32,5.75,ZA,2021-04-02 20:31:49
1104,Tiksi,71.6872,128.8694,-18.06,100,100,7.09,RU,2021-04-02 20:36:45
1105,Mahebourg,-20.4081,57.7,75.2,100,40,6.91,MU,2021-04-02 20:35:01
1106,Kapaa,22.0752,-159.319,78.8,61,40,13.8,US,2021-04-02 20:36:50
1107,Albany,42.6001,-73.9662,37.0,31,100,1.99,US,2021-04-02 20:35:15
1108,Mezen,65.8522,44.24,24.17,98,89,2.33,RU,2021-04-02 20:37:31
1109,Port Alfred,-33.5906,26.891,61.86,82,30,12.55,ZA,2021-04-02 20:36:28
1110,Georgetown,5.4112,100.3354,84.2,89,20,2.3,MY,2021-04-02 20:36:06
1111,Tiksi,71.6872,128.8694,-18.06,100,100,7.09,RU,2021-04-02 20:36:45
1112,Nantucket,41.2835,-70.0995,39.2,52,20,9.22,US,2021-04-02 20:39:44
1113,Bambous Virieux,-20.3428,57.7575,75.99,100,40,6.91,MU,2021-04-02 20:36:46
1114,Ushuaia,-54.8,-68.3,51.8,62,40,16.11,AR,2021-04-02 20:33:49
1115,Diban,35.0365,40.5167,53.19,62,51,16.69,SY,2021-04-02 20:39:44
1116,Boa Vista,2.8197,-60.6733,91.4,46,75,8.05,BR,2021-04-02 20:36:33
1117,Albany,42.6001,-73.9662,37.0,31,100,1.99,US,2021-04-02 20:35:15
1118,Berlevag,70.8578,29.0864,29.98,80,90,4.25,NO,2021-04-02 20:39:45
1119,Ushuaia,-54.8,-68.3,51.8,62,40,16.11,AR,2021-04-02 20:33:49
1120,Nanortalik,60.1432,-45.2371,35.98,98,100,2.82,GL,2021-04-02 20:37:31
1121,Butaritari,3.0707,172.7902,81.63,81,35,16.78,KI,2021-04-02 20:36:36
1122,Deputatskiy,69.3,139.9,-14.87,99,100,1.66,RU,2021-04-02 20:38:21
1123,Ahipara,-35.1667,173.1667,66.67,74,35,10.6,NZ,2021-04-02 20:38:12
1124,Chitungwiza,-18.0127,31.0756,61.0,75,2,3.0,ZW,2021-04-02 20:39:46
1125,Cape Town,-33.9258,18.4232,64.4,63,0,8.05,ZA,2021-04-02 20:36:48
1126,Nikolskoye,59.7035,30.7861,35.01,93,0,2.24,RU,2021-04-02 20:36:46
1127,Yarensk,62.1675,49.0916,21.85,98,64,0.78,RU,2021-04-02 20:39:46
1128,Avarua,-21.2078,-159.775,82.4,74,20,16.11,CK,2021-04-02 20:30:14
1129,Rikitea,-23.1203,-134.9692,77.05,78,99,11.48,PF,2021-04-02 20:35:58
1130,Ocos,14.5094,-92.1933,93.2,49,20,10.36,GT,2021-04-02 20:39:47
1131,Pisco,-13.7,-76.2167,77.0,61,0,8.05,PE,2021-04-02 20:36:30
1132,Kiama,-34.6833,150.8667,57.99,93,0,1.99,AU,2021-04-02 20:39:47
1133,Port-Gentil,-0.7193,8.7815,78.8,89,20,4.61,GA,2021-04-02 20:39:48
1134,Rikitea,-23.1203,-134.9692,77.05,78,99,11.48,PF,2021-04-02 20:35:58
1135,Caucaia,-3.7361,-38.6531,86.0,70,0,13.8,BR,2021-04-02 20:34:53
1136,East London,-33.0153,27.9116,63.43,82,99,15.37,ZA,2021-04-02 20:36:43
1137,Hermanus,-34.4187,19.2345,61.0,77,49,4.0,ZA,2021-04-02 20:34:02
1138,Pilar,-9.5972,-35.9567,80.6,78,0,11.5,BR,2021-04-02 20:39:48
1139,Llanes,43.4198,-4.7549,57.0,95,19,4.0,ES,2021-04-02 20:38:49
1140,Sawakin,19.1059,37.3321,74.93,64,30,13.2,SD,2021-04-02 20:39:05
1141,Punta Arenas,-53.15,-70.9167,51.8,62,0,10.36,CL,2021-04-02 20:36:25
1142,Lebu,-37.6167,-73.65,57.54,83,3,15.5,CL,2021-04-02 20:37:08
1143,Avarua,-21.2078,-159.775,82.4,74,20,16.11,CK,2021-04-02 20:30:14
1144,Iquique,-20.2208,-70.1431,71.6,60,0,23.02,CL,2021-04-02 20:36:03
1145,Tuktoyaktuk,69.4541,-133.0374,-16.6,69,75,5.75,CA,2021-04-02 20:37:20
1146,Maunabo,18.0072,-65.8993,80.01,92,22,7.0,PR,2021-04-02 20:39:49
1147,Xining,36.6167,101.7667,31.05,90,100,3.58,CN,2021-04-02 20:39:50
1148,Clyde River,70.4692,-68.5914,-5.8,65,1,23.02,CA,2021-04-02 20:36:38
1149,Bonavista,48.6499,-53.1147,55.4,54,98,5.75,CA,2021-04-02 20:39:20
1150,Yakeshi,49.2833,120.7333,23.29,58,0,14.2,CN,2021-04-02 20:39:50
1151,Bluff,-46.6,168.3333,45.0,86,90,5.01,NZ,2021-04-02 20:36:38
1152,Albany,42.6001,-73.9662,37.0,31,100,1.99,US,2021-04-02 20:35:15
1153,Ghorawal,24.7667,82.7833,73.24,8,0,4.36,IN,2021-04-02 20:39:51
1154,Dunedin,-45.8742,170.5036,53.01,62,31,3.0,NZ,2021-04-02 20:39:51
1155,Keetmanshoop,-26.5833,18.1333,82.4,28,81,3.44,NA,2021-04-02 20:39:51
1156,Praia,14.9215,-23.5087,75.2,50,0,18.41,CV,2021-04-02 20:36:44
1157,Airai,-8.9266,125.4092,60.75,97,100,3.09,TL,2021-04-02 20:39:00
1158,Atuona,-9.8,-139.0333,80.51,80,23,13.47,PF,2021-04-02 20:36:50
1159,Cayenne,4.9333,-52.3333,78.8,89,0,9.22,GF,2021-04-02 20:37:26
1160,Hilo,19.7297,-155.09,77.0,61,20,6.46,US,2021-04-02 20:36:25
1161,Mataura,-46.1927,168.8643,45.0,86,80,5.01,NZ,2021-04-02 20:35:57
1162,Omsukchan,62.5333,155.8,-4.0,97,75,4.99,RU,2021-04-02 20:39:52
1163,Rikitea,-23.1203,-134.9692,77.05,78,99,11.48,PF,2021-04-02 20:35:58
1164,Price,39.5994,-110.8107,66.2,12,1,4.68,US,2021-04-02 20:36:49
1165,Santa Cruz,-17.8,-63.1667,82.4,57,20,11.5,BO,2021-04-02 20:37:50
1166,Berbera,10.4396,45.0143,77.61,73,5,2.57,SO,2021-04-02 20:35:30
1167,Aljezur,37.3191,-8.8033,55.58,93,11,6.76,PT,2021-04-02 20:39:53
1168,Tiksi,71.6872,128.8694,-18.06,100,100,7.09,RU,2021-04-02 20:36:45
1169,Albany,42.6001,-73.9662,37.0,31,100,1.99,US,2021-04-02 20:35:15
1170,Tuatapere,-46.1333,167.6833,45.0,86,100,5.01,NZ,2021-04-02 20:37:09
1171,Mahebourg,-20.4081,57.7,75.2,100,40,6.91,MU,2021-04-02 20:35:01
1172,Brentwood,40.7812,-73.2462,37.0,37,90,13.8,US,2021-04-02 20:39:54
1173,Tiksi,71.6872,128.8694,-18.06,100,100,7.09,RU,2021-04-02 20:36:45
1174,Busselton,-33.65,115.3333,63.0,84,100,1.99,AU,2021-04-02 20:33:12
1175,San Cristobal,7.7669,-72.225,84.2,54,75,18.41,VE,2021-04-02 20:39:54
1176,Mataura,-46.1927,168.8643,45.0,86,80,5.01,NZ,2021-04-02 20:35:57
1177,Shimanovsk,52.0,127.7,20.08,52,94,23.13,RU,2021-04-02 20:39:55
1178,Rikitea,-23.1203,-134.9692,77.05,78,99,11.48,PF,2021-04-02 20:35:58
1179,Albany,42.6001,-73.9662,37.0,31,100,1.99,US,2021-04-02 20:35:15
1180,Joshimath,30.5667,79.5667,40.3,33,0,7.56,IN,2021-04-02 20:39:55
1181,Hermanus,-34.4187,19.2345,61.0,77,49,4.0,ZA,2021-04-02 20:34:02
1182,Hermanus,-34.4187,19.2345,61.0,77,49,4.0,ZA,2021-04-02 20:34:02
1183,Torbay,47.6666,-52.7314,42.01,93,75,13.8,CA,2021-04-02 20:35:29
1184,Panino,51.6467,40.1346,44.6,87,75,11.18,RU,2021-04-02 20:39:56
1185,Ugoofaaru,5.6667,73.0,82.83,76,4,10.29,MV,2021-04-02 20:39:56
1186,Cidreira,-30.1811,-50.2056,68.86,83,95,12.44,BR,2021-04-02 20:32:47
1187,Ushuaia,-54.8,-68.3,51.8,62,40,16.11,AR,2021-04-02 20:33:49
1188,Albany,42.6001,-73.9662,37.0,31,100,1.99,US,2021-04-02 20:35:15
1189,Chapais,49.7834,-74.8492,24.8,36,1,18.41,CA,2021-04-02 20:32:44
1190,Caravelas,-17.7125,-39.2481,77.86,80,46,6.06,BR,2021-04-02 20:36:26
1191,Ixtapa,20.7,-105.2,80.6,65,75,9.22,MX,2021-04-02 20:39:57
1192,Mar Del Plata,-38.0023,-57.5575,68.0,83,40,10.36,AR,2021-04-02 20:31:46
1193,Gweta,-20.1833,25.2333,77.63,32,5,7.38,BW,2021-04-02 20:39:58
1194,Qaanaaq,77.484,-69.3632,-16.82,76,100,9.89,GL,2021-04-02 20:32:05
1195,Atuona,-9.8,-139.0333,80.51,80,23,13.47,PF,2021-04-02 20:36:50
1196,Evensk,61.95,159.2333,9.99,77,100,7.4,RU,2021-04-02 20:37:42
1197,Tuktoyaktuk,69.4541,-133.0374,-16.6,69,75,5.75,CA,2021-04-02 20:37:20
1198,Butaritari,3.0707,172.7902,81.63,81,35,16.78,KI,2021-04-02 20:36:36
1199,Chokurdakh,70.6333,147.9167,-20.97,100,97,3.15,RU,2021-04-02 20:37:14
1200,Kyren,51.6828,102.1408,25.41,52,3,3.02,RU,2021-04-02 20:39:59
1201,Ushuaia,-54.8,-68.3,51.8,62,40,16.11,AR,2021-04-02 20:33:49
1202,Zyryanka,65.75,150.85,-13.4,99,100,4.99,RU,2021-04-02 20:39:59
1203,Mujiayingzi,42.1167,118.7833,37.9,24,100,16.87,CN,2021-04-02 20:39:59
1204,Arraial Do Cabo,-22.9661,-42.0278,78.8,69,20,17.27,BR,2021-04-02 20:36:59
1205,Port Alfred,-33.5906,26.891,61.86,82,30,12.55,ZA,2021-04-02 20:36:28
1206,Praya,14.9215,-23.5087,75.2,50,0,18.41,CV,2021-04-02 20:36:44
1207,Husavik,66.0449,-17.3389,46.4,42,0,27.63,IS,2021-04-02 20:40:00
1208,Atuona,-9.8,-139.0333,80.51,80,23,13.47,PF,2021-04-02 20:36:50
1209,Cherskiy,68.75,161.3,-5.33,80,100,6.15,RU,2021-04-02 20:36:56
1210,Northam,51.0333,-4.2167,48.0,73,2,8.99,GB,2021-04-02 20:40:00
1211,Bredasdorp,-34.5322,20.0403,50.0,93,32,5.75,ZA,2021-04-02 20:31:49
1212,Paciran,-6.8767,112.3761,78.26,86,54,4.54,ID,2021-04-02 20:40:01
1213,Ushuaia,-54.8,-68.3,51.8,62,40,16.11,AR,2021-04-02 20:33:49
1214,Linhares,-19.3911,-40.0722,75.7,82,100,4.5,BR,2021-04-02 20:36:20
1215,Busselton,-33.65,115.3333,63.0,84,100,1.99,AU,2021-04-02 20:33:12
1216,Albany,42.6001,-73.9662,37.0,31,100,1.99,US,2021-04-02 20:35:15
1217,Yellowknife,62.456,-114.3525,9.0,78,90,9.22,CA,2021-04-02 20:36:24
1218,Mataura,-46.1927,168.8643,45.0,86,80,5.01,NZ,2021-04-02 20:35:57
1219,Olafsvik,64.8945,-23.7142,41.29,85,72,21.9,IS,2021-04-02 20:36:57
1220,Barrow,71.2906,-156.7887,-18.4,76,20,4.61,US,2021-04-02 20:36:32
1221,Mataura,-46.1927,168.8643,45.0,86,80,5.01,NZ,2021-04-02 20:35:57
1222,Chuy,-33.6971,-53.4616,67.17,69,10,7.87,UY,2021-04-02 20:36:47
1223,Severo-Kurilsk,50.6789,156.125,29.59,80,31,16.69,RU,2021-04-02 20:37:52
1224,Tazovskiy,67.4667,78.7,11.57,94,100,11.32,RU,2021-04-02 20:39:43
1225,Mar Del Plata,-38.0023,-57.5575,68.0,83,40,10.36,AR,2021-04-02 20:31:46
1226,Cape Town,-33.9258,18.4232,64.4,63,0,8.05,ZA,2021-04-02 20:36:48
1227,Kapaa,22.0752,-159.319,78.8,61,40,13.8,US,2021-04-02 20:36:50
1228,Vaini,-21.2,-175.2,80.6,89,75,3.44,TO,2021-04-02 20:36:44
1229,Georgetown,5.4112,100.3354,84.2,89,20,2.3,MY,2021-04-02 20:36:06
1230,Taoudenni,22.6783,-3.9836,92.59,7,62,6.96,ML,2021-04-02 20:38:58
1231,Carnarvon,-24.8667,113.6333,77.0,94,40,8.05,AU,2021-04-02 20:36:53
1232,Port Alfred,-33.5906,26.891,61.86,82,30,12.55,ZA,2021-04-02 20:36:28
1233,San Francisco Del Mar,16.2333,-94.65,85.15,53,0,31.47,MX,2021-04-02 20:40:05
1234,Qaanaaq,77.484,-69.3632,-16.82,76,100,9.89,GL,2021-04-02 20:32:05
1235,Bredasdorp,-34.5322,20.0403,50.0,93,32,5.75,ZA,2021-04-02 20:31:49
1236,Hofn,64.2539,-15.2082,43.61,58,3,8.66,IS,2021-04-02 20:36:36
1237,Mataura,-46.1927,168.8643,45.0,86,80,5.01,NZ,2021-04-02 20:35:57
1238,Padang,-0.9492,100.3543,78.8,69,90,5.75,ID,2021-04-02 20:32:04
1239,East London,-33.0153,27.9116,63.43,82,99,15.37,ZA,2021-04-02 20:36:43
1240,Port Alfred,-33.5906,26.891,61.86,82,30,12.55,ZA,2021-04-02 20:36:28
1241,Aswan,24.0934,32.907,65.12,23,0,13.06,EG,2021-04-02 20:40:06
1242,Pevek,69.7008,170.3133,-14.75,93,9,1.68,RU,2021-04-02 20:38:03
1243,Kamaishi,39.2667,141.8833,47.43,89,95,8.77,JP,2021-04-02 20:40:07
1244,Ushuaia,-54.8,-68.3,51.8,62,40,16.11,AR,2021-04-02 20:33:49
1245,Dikson,73.5069,80.5464,-17.12,84,96,4.81,RU,2021-04-02 20:33:07
1246,Matamoros,25.5333,-103.25,86.0,28,75,4.56,MX,2021-04-02 20:36:11
1247,Atuona,-9.8,-139.0333,80.51,80,23,13.47,PF,2021-04-02 20:36:50
1248,Yellowknife,62.456,-114.3525,9.0,78,90,9.22,CA,2021-04-02 20:36:24
1249,Kahului,20.8947,-156.47,78.8,61,20,17.27,US,2021-04-02 20:40:08
1250,Basco,20.4487,121.9702,79.66,75,70,10.69,PH,2021-04-02 20:40:08
1251,Ushuaia,-54.8,-68.3,51.8,62,40,16.11,AR,2021-04-02 20:33:49
1252,Sobolevo,54.4299,31.8996,35.11,79,85,5.75,RU,2021-04-02 20:40:08
1253,Bluff,-46.6,168.3333,45.0,86,90,5.01,NZ,2021-04-02 20:36:38
1254,Castro,-24.7911,-50.0119,63.36,74,6,5.1,BR,2021-04-02 20:36:26
1255,Touros,-5.1989,-35.4608,82.4,74,20,11.5,BR,2021-04-02 20:40:09
1256,Makakilo City,21.3469,-158.0858,80.6,54,75,5.75,US,2021-04-02 20:40:09
1257,Birao,10.2849,22.7882,82.72,14,49,6.62,CF,2021-04-02 20:36:13
1258,Airai,-8.9266,125.4092,60.75,97,100,3.09,TL,2021-04-02 20:39:00
1259,Nizhnevartovsk,60.9344,76.5531,33.8,93,90,11.18,RU,2021-04-02 20:40:10
1260,Marsh Harbour,26.5412,-77.0636,68.29,62,100,26.6,BS,2021-04-02 20:37:35
1261,Butaritari,3.0707,172.7902,81.63,81,35,16.78,KI,2021-04-02 20:36:36
1262,Ushuaia,-54.8,-68.3,51.8,62,40,16.11,AR,2021-04-02 20:33:49
1263,Port Hardy,50.6996,-127.4199,46.4,71,75,5.75,CA,2021-04-02 20:38:14
1264,Qaanaaq,77.484,-69.3632,-16.82,76,100,9.89,GL,2021-04-02 20:32:05
1265,Cheremukhovo,60.3484,59.9851,27.25,94,100,2.3,RU,2021-04-02 20:40:11
1266,Busselton,-33.65,115.3333,63.0,84,100,1.99,AU,2021-04-02 20:33:12
1267,Ushuaia,-54.8,-68.3,51.8,62,40,16.11,AR,2021-04-02 20:33:49
1268,Roxana,10.2753,-83.7513,78.8,60,75,23.02,CR,2021-04-02 20:40:11
1269,Guerrero Negro,27.9769,-114.0611,67.71,55,0,18.95,MX,2021-04-02 20:37:05
1270,Albany,42.6001,-73.9662,37.0,31,100,1.99,US,2021-04-02 20:35:15
1271,Jamestown,42.097,-79.2353,35.01,34,1,13.8,US,2021-04-02 20:35:36
1272,Puranpur,28.5167,80.15,66.87,8,0,6.62,IN,2021-04-02 20:40:12
1273,Vaini,-21.2,-175.2,80.6,89,75,3.44,TO,2021-04-02 20:36:44
1274,Ushuaia,-54.8,-68.3,51.8,62,40,16.11,AR,2021-04-02 20:33:49
1275,Lake Cowichan,48.825,-124.0546,51.8,46,75,8.05,CA,2021-04-02 20:40:12
1276,Hobart,-42.8794,147.3294,63.0,67,0,5.75,AU,2021-04-02 20:33:52
1277,Khatanga,71.9667,102.5,-33.48,98,7,4.65,RU,2021-04-02 20:37:10
1278,Hermanus,-34.4187,19.2345,61.0,77,49,4.0,ZA,2021-04-02 20:34:02
1279,Bam,29.106,58.357,76.08,13,3,4.97,IR,2021-04-02 20:40:13
1280,Ulety,51.3572,112.4849,23.97,70,1,6.15,RU,2021-04-02 20:40:13
1281,Rikitea,-23.1203,-134.9692,77.05,78,99,11.48,PF,2021-04-02 20:35:58
1282,Palmer,42.1584,-72.3287,37.0,37,90,13.8,US,2021-04-02 20:35:10
1283,Kozhva,65.1073,57.0459,21.43,97,39,4.54,RU,2021-04-02 20:40:14
1284,Sao Joao Da Barra,-21.6403,-41.0511,82.4,61,0,9.22,BR,2021-04-02 20:40:14
1285,Albany,42.6001,-73.9662,37.0,31,100,1.99,US,2021-04-02 20:35:15
1286,Puteyets,65.1716,57.091,21.36,97,41,4.59,RU,2021-04-02 20:40:14
1287,Rikitea,-23.1203,-134.9692,77.05,78,99,11.48,PF,2021-04-02 20:35:58
1288,Castro,-24.7911,-50.0119,63.36,74,6,5.1,BR,2021-04-02 20:36:26
1289,Ikom,5.9667,8.7063,79.88,59,37,3.44,NG,2021-04-02 20:40:15
1290,Nikolskoye,59.7035,30.7861,35.01,93,0,2.24,RU,2021-04-02 20:36:46
1291,Laguna,38.421,-121.4238,82.0,15,1,4.61,US,2021-04-02 20:38:50
1292,Caravelas,-17.7125,-39.2481,77.86,80,46,6.06,BR,2021-04-02 20:36:26
1293,Punta Arenas,-53.15,-70.9167,51.8,62,0,10.36,CL,2021-04-02 20:36:25
1294,Port Elizabeth,-33.918,25.5701,60.8,82,20,11.5,ZA,2021-04-02 20:37:14
1295,Kungurtug,50.5994,97.5228,10.78,89,6,1.88,RU,2021-04-02 20:40:16
1296,Nanortalik,60.1432,-45.2371,35.98,98,100,2.82,GL,2021-04-02 20:37:31
1297,Bathsheba,13.2167,-59.5167,84.2,51,20,17.27,BB,2021-04-02 20:39:32
1298,Torbay,47.6666,-52.7314,42.01,93,75,13.8,CA,2021-04-02 20:35:29
1299,Vanderhoof,54.0166,-124.0198,43.5,39,100,3.67,CA,2021-04-02 20:40:17
1300,Hilo,19.7297,-155.09,77.0,61,20,6.46,US,2021-04-02 20:36:25
1301,Saskylakh,71.9167,114.0833,-38.42,100,60,2.77,RU,2021-04-02 20:36:58
1302,Chuy,-33.6971,-53.4616,67.17,69,10,7.87,UY,2021-04-02 20:36:47
1303,Tuatapere,-46.1333,167.6833,45.0,86,100,5.01,NZ,2021-04-02 20:37:09
1304,Lebu,-37.6167,-73.65,57.54,83,3,15.5,CL,2021-04-02 20:37:08
1305,Kapaa,22.0752,-159.319,78.8,61,40,13.8,US,2021-04-02 20:36:50
1306,Saint-Philippe,-21.3585,55.7679,75.2,94,75,16.11,RE,2021-04-02 20:37:11
1307,Norman Wells,65.282,-126.8329,3.2,72,75,4.61,CA,2021-04-02 20:38:27
1308,Port Elizabeth,-33.918,25.5701,60.8,82,20,11.5,ZA,2021-04-02 20:37:14
1309,Sao Joao Da Barra,-21.6403,-41.0511,82.4,61,0,9.22,BR,2021-04-02 20:40:14
1310,Sobolevo,54.4299,31.8996,35.11,79,85,5.75,RU,2021-04-02 20:40:08
1311,Rikitea,-23.1203,-134.9692,77.05,78,99,11.48,PF,2021-04-02 20:35:58
1312,Butaritari,3.0707,172.7902,81.63,81,35,16.78,KI,2021-04-02 20:36:36
1313,Vila Velha,-20.3297,-40.2925,78.8,61,0,9.22,BR,2021-04-02 20:37:36
1314,Barrow,71.2906,-156.7887,-18.4,76,20,4.61,US,2021-04-02 20:36:32
1315,Cherskiy,68.75,161.3,-5.33,80,100,6.15,RU,2021-04-02 20:36:56
1316,College,64.8569,-147.8028,8.01,66,75,2.66,US,2021-04-02 20:36:54
1317,Nanortalik,60.1432,-45.2371,35.98,98,100,2.82,GL,2021-04-02 20:37:31
1318,Mataura,-46.1927,168.8643,45.0,86,80,5.01,NZ,2021-04-02 20:35:57
1319,Ambunti,-4.2365,142.8448,73.4,99,100,1.61,PG,2021-04-02 20:40:19
1320,Dikson,73.5069,80.5464,-17.12,84,96,4.81,RU,2021-04-02 20:33:07
1321,Airai,-8.9266,125.4092,60.75,97,100,3.09,TL,2021-04-02 20:39:00
1322,Pomabamba,-8.8333,-77.4667,59.67,64,89,4.52,PE,2021-04-02 20:40:20
1323,Katsuura,35.1333,140.3,57.2,72,20,3.44,JP,2021-04-02 20:38:08
1324,Mount Gambier,-37.8333,140.7667,60.8,51,0,16.11,AU,2021-04-02 20:36:42
1325,Norman Wells,65.282,-126.8329,3.2,72,75,4.61,CA,2021-04-02 20:38:27
1326,Chokurdakh,70.6333,147.9167,-20.97,100,97,3.15,RU,2021-04-02 20:37:14
1327,Hithadhoo,-0.6,73.0833,83.64,75,85,19.69,MV,2021-04-02 20:37:41
1328,Safaga,26.7292,33.9365,66.2,30,0,9.22,EG,2021-04-02 20:40:20
1329,Atuona,-9.8,-139.0333,80.51,80,23,13.47,PF,2021-04-02 20:36:50
1330,Seydi,39.4816,62.9137,56.93,32,66,14.0,TM,2021-04-02 20:40:21
1331,Mataura,-46.1927,168.8643,45.0,86,80,5.01,NZ,2021-04-02 20:35:57
1332,Kudahuvadhoo,2.6708,72.8944,82.96,75,13,15.84,MV,2021-04-02 20:40:21
1333,Yellowknife,62.456,-114.3525,9.0,78,90,9.22,CA,2021-04-02 20:36:24
1334,Vaini,-21.2,-175.2,80.6,89,75,3.44,TO,2021-04-02 20:36:44
1335,Puerto Ayora,-0.7393,-90.3518,82.4,78,40,8.05,EC,2021-04-02 20:36:30
1336,Busselton,-33.65,115.3333,63.0,84,100,1.99,AU,2021-04-02 20:33:12
1337,San Quintin,30.4833,-115.95,66.96,58,0,11.7,MX,2021-04-02 20:39:21
1338,Hilo,19.7297,-155.09,77.0,61,20,6.46,US,2021-04-02 20:36:25
1339,Kasangulu,-4.5911,15.1708,77.0,88,75,9.22,CD,2021-04-02 20:40:22
1340,Khani,41.9563,42.9566,48.2,87,75,3.44,GE,2021-04-02 20:39:01
1341,Victoria,22.2855,114.1577,78.01,82,0,1.61,HK,2021-04-02 20:33:29
1342,Severo-Kurilsk,50.6789,156.125,29.59,80,31,16.69,RU,2021-04-02 20:37:52
1343,Punta Arenas,-53.15,-70.9167,51.8,62,0,10.36,CL,2021-04-02 20:36:25
1344,San Patricio,28.017,-97.5169,73.4,40,40,16.11,US,2021-04-02 20:39:01
1345,Busselton,-33.65,115.3333,63.0,84,100,1.99,AU,2021-04-02 20:33:12
1346,Somerset,40.5668,-74.5496,42.8,28,40,11.5,US,2021-04-02 20:39:56
1347,Caravelas,-17.7125,-39.2481,77.86,80,46,6.06,BR,2021-04-02 20:36:26
1348,Albany,42.6001,-73.9662,37.0,31,100,1.99,US,2021-04-02 20:35:15
1349,Rikitea,-23.1203,-134.9692,77.05,78,99,11.48,PF,2021-04-02 20:35:58
1350,Hamilton,39.1834,-84.5333,48.99,29,1,5.75,US,2021-04-02 20:34:31
1351,Mataura,-46.1927,168.8643,45.0,86,80,5.01,NZ,2021-04-02 20:35:57
1352,Dicabisagan,17.0818,122.4157,73.02,88,6,2.73,PH,2021-04-02 20:40:24
1353,Ushuaia,-54.8,-68.3,51.8,62,40,16.11,AR,2021-04-02 20:33:49
1354,Contamana,-7.3333,-75.0167,88.11,58,96,1.72,PE,2021-04-02 20:40:24
1355,Avarua,-21.2078,-159.775,82.4,74,20,16.11,CK,2021-04-02 20:30:14
1356,Albany,42.6001,-73.9662,37.0,31,100,1.99,US,2021-04-02 20:35:15
1357,Busselton,-33.65,115.3333,63.0,84,100,1.99,AU,2021-04-02 20:33:12
1358,Rikitea,-23.1203,-134.9692,77.05,78,99,11.48,PF,2021-04-02 20:35:58
1359,Morondava,-20.2833,44.2833,77.74,84,34,4.88,MG,2021-04-02 20:39:05
1360,Busselton,-33.65,115.3333,63.0,84,100,1.99,AU,2021-04-02 20:33:12
1361,Hobart,-42.8794,147.3294,63.0,67,0,5.75,AU,2021-04-02 20:33:52
1362,Ankang,32.68,109.0172,51.06,92,100,0.65,CN,2021-04-02 20:40:25
1363,Port Elizabeth,-33.918,25.5701,60.8,82,20,11.5,ZA,2021-04-02 20:37:14
1364,Denpasar,-8.65,115.2167,78.8,94,20,2.3,ID,2021-04-02 20:40:26
1365,Arraial Do Cabo,-22.9661,-42.0278,78.8,69,20,17.27,BR,2021-04-02 20:36:59
1366,Busselton,-33.65,115.3333,63.0,84,100,1.99,AU,2021-04-02 20:33:12
1367,Cape Town,-33.9258,18.4232,64.4,63,0,8.05,ZA,2021-04-02 20:36:48
1368,Urumqi,43.801,87.6005,42.8,52,0,6.71,CN,2021-04-02 20:40:26
1369,Acajutla,13.5928,-89.8275,87.8,37,20,10.36,SV,2021-04-02 20:35:39
1370,Arraial Do Cabo,-22.9661,-42.0278,78.8,69,20,17.27,BR,2021-04-02 20:36:59
1371,Barrow,71.2906,-156.7887,-18.4,76,20,4.61,US,2021-04-02 20:36:32
1372,Hilo,19.7297,-155.09,77.0,61,20,6.46,US,2021-04-02 20:36:25
1373,Ushuaia,-54.8,-68.3,51.8,62,40,16.11,AR,2021-04-02 20:33:49
1374,Portland,45.5234,-122.6762,61.0,47,75,5.75,US,2021-04-02 20:34:04
